county,state,first_case_date
Weston,Wyoming,2020-05-27
Menifee,Kentucky,2020-03-24
McLean,Kentucky,2020-04-05
McCreary,Kentucky,2020-03-25
McCracken,Kentucky,2020-03-24
Mason,Kentucky,2020-03-26
Martin,Kentucky,2020-03-24
Marshall,Kentucky,2020-03-30
Marion,Kentucky,2020-03-30
Magoffin,Kentucky,2020-05-16
Madison,Kentucky,2020-03-21
Lyon,Kentucky,2020-03-17
Logan,Kentucky,2020-03-23
Livingston,Kentucky,2020-04-14
Lincoln,Kentucky,2020-04-02
Lewis,Kentucky,2020-03-29
Letcher,Kentucky,2020-04-05
Leslie,Kentucky,2020-04-05
Lee,Kentucky,2020-05-28
Lawrence,Kentucky,2020-03-31
Laurel,Kentucky,2020-03-25
Larue,Kentucky,2020-03-27
Knox,Kentucky,2020-04-09
Meade,Kentucky,2020-04-02
Mercer,Kentucky,2020-03-26
Kenton,Kentucky,2020-03-18
Metcalfe,Kentucky,2020-04-28
Shelby,Kentucky,2020-03-28
Scott,Kentucky,2020-03-19
Russell,Kentucky,2020-03-31
Rowan,Kentucky,2020-04-11
Rockcastle,Kentucky,2020-03-31
Robertson,Kentucky,2020-07-01
Pulaski,Kentucky,2020-03-19
Powell,Kentucky,2020-03-31
Pike,Kentucky,2020-04-05
Perry,Kentucky,2020-04-04
Pendleton,Kentucky,2020-04-02
Owsley,Kentucky,2020-04-12
Owen,Kentucky,2020-04-28
Oldham,Kentucky,2020-03-22
Ohio,Kentucky,2020-04-04
Nicholas,Kentucky,2020-03-28
Nelson,Kentucky,2020-03-14
Muhlenberg,Kentucky,2020-03-24
Morgan,Kentucky,2020-04-12
Montgomery,Kentucky,2020-03-12
Monroe,Kentucky,2020-04-05
Knott,Kentucky,2020-04-11
Johnson,Kentucky,2020-04-05
Spencer,Kentucky,2020-03-21
Estill,Kentucky,2020-06-02
Edmonson,Kentucky,2020-03-31
Daviess,Kentucky,2020-03-19
Cumberland,Kentucky,2020-04-02
Crittenden,Kentucky,2020-04-02
Clinton,Kentucky,2020-04-04
Clay,Kentucky,2020-04-19
Clark,Kentucky,2020-03-15
Christian,Kentucky,2020-03-19
Casey,Kentucky,2020-04-14
Carter,Kentucky,2020-04-05
Carroll,Kentucky,2020-03-28
Carlisle,Kentucky,2020-04-23
Campbell,Kentucky,2020-03-27
Calloway,Kentucky,2020-03-20
Caldwell,Kentucky,2020-04-04
Butler,Kentucky,2020-03-28
Bullitt,Kentucky,2020-03-27
Breckinridge,Kentucky,2020-03-28
Breathitt,Kentucky,2020-03-22
Bracken,Kentucky,2020-03-28
Boyle,Kentucky,2020-03-28
Elliott,Kentucky,2020-05-20
Fayette,Kentucky,2020-03-06
Jessamine,Kentucky,2020-03-22
Fleming,Kentucky,2020-04-11
Jefferson,Kentucky,2020-03-08
Jackson,Kentucky,2020-04-08
Hopkins,Kentucky,2020-03-26
Hickman,Kentucky,2020-04-21
Henry,Kentucky,2020-03-31
Henderson,Kentucky,2020-03-19
Hart,Kentucky,2020-04-07
Harrison,Kentucky,2020-03-08
Harlan,Kentucky,2020-05-07
Hardin,Kentucky,2020-03-22
Hancock,Kentucky,2020-03-31
Greenup,Kentucky,2020-04-05
Green,Kentucky,2020-04-07
Grayson,Kentucky,2020-03-25
Graves,Kentucky,2020-03-31
Grant,Kentucky,2020-03-28
Garrard,Kentucky,2020-04-14
Gallatin,Kentucky,2020-04-11
Fulton,Kentucky,2020-04-19
Franklin,Kentucky,2020-03-18
Floyd,Kentucky,2020-03-28
Simpson,Kentucky,2020-03-24
Taylor,Kentucky,2020-03-29
Bourbon,Kentucky,2020-03-14
West Carroll,Louisiana,2020-04-06
Webster,Louisiana,2020-03-19
Washington,Louisiana,2020-03-17
Vernon,Louisiana,2020-03-24
Vermilion,Louisiana,2020-03-26
Unknown,Louisiana,2020-03-18
Union,Louisiana,2020-03-25
Terrebonne,Louisiana,2020-03-13
Tensas,Louisiana,2020-04-11
Tangipahoa,Louisiana,2020-03-20
St. Tammany,Louisiana,2020-03-13
St. Mary,Louisiana,2020-03-21
St. Martin,Louisiana,2020-03-23
St. Landry,Louisiana,2020-03-19
St. John the Baptist,Louisiana,2020-03-14
St. James,Louisiana,2020-03-19
St. Helena,Louisiana,2020-03-31
St. Charles,Louisiana,2020-03-13
St. Bernard,Louisiana,2020-03-15
Sabine,Louisiana,2020-03-29
Richland,Louisiana,2020-03-23
Red River,Louisiana,2020-03-29
West Baton Rouge,Louisiana,2020-03-19
West Feliciana,Louisiana,2020-03-27
Pointe Coupee,Louisiana,2020-03-26
Winn,Louisiana,2020-03-25
Baltimore city,Maryland,2020-03-15
Baltimore,Maryland,2020-03-11
Anne Arundel,Maryland,2020-03-13
Allegany,Maryland,2020-04-02
York,Maine,2020-03-17
Washington,Maine,2020-04-03
Waldo,Maine,2020-03-24
Unknown,Maine,2020-03-16
Somerset,Maine,2020-03-29
Sagadahoc,Maine,2020-03-21
Piscataquis,Maine,2020-04-19
Penobscot,Maine,2020-03-18
Oxford,Maine,2020-03-17
Lincoln,Maine,2020-03-15
Knox,Maine,2020-03-23
Kennebec,Maine,2020-03-17
Hancock,Maine,2020-04-01
Franklin,Maine,2020-03-26
Cumberland,Maine,2020-03-13
Aroostook,Maine,2020-04-03
Androscoggin,Maine,2020-03-12
Rapides,Louisiana,2020-03-20
Plaquemines,Louisiana,2020-03-19
Todd,Kentucky,2020-04-07
Catahoula,Louisiana,2020-03-20
Caldwell,Louisiana,2020-04-02
Calcasieu,Louisiana,2020-03-19
Caddo,Louisiana,2020-03-11
Bossier,Louisiana,2020-03-14
Bienville,Louisiana,2020-03-21
Beauregard,Louisiana,2020-03-21
Avoyelles,Louisiana,2020-03-21
Assumption,Louisiana,2020-03-19
Ascension,Louisiana,2020-03-16
Allen,Louisiana,2020-03-23
Acadia,Louisiana,2020-03-22
Woodford,Kentucky,2020-03-27
Wolfe,Kentucky,2020-05-19
Whitley,Kentucky,2020-04-08
Webster,Kentucky,2020-03-26
Wayne,Kentucky,2020-03-25
Washington,Kentucky,2020-03-28
Warren,Kentucky,2020-03-18
Union,Kentucky,2020-03-26
Trimble,Kentucky,2020-04-10
Trigg,Kentucky,2020-04-12
Cameron,Louisiana,2020-04-07
Claiborne,Louisiana,2020-03-21
Ouachita,Louisiana,2020-03-21
Concordia,Louisiana,2020-03-31
Orleans,Louisiana,2020-03-10
Natchitoches,Louisiana,2020-03-23
Morehouse,Louisiana,2020-03-25
Madison,Louisiana,2020-03-26
Livingston,Louisiana,2020-03-19
Lincoln,Louisiana,2020-03-23
Lafourche,Louisiana,2020-03-14
Lafayette,Louisiana,2020-03-19
LaSalle,Louisiana,2020-03-26
Jefferson Davis,Louisiana,2020-03-25
Jefferson,Louisiana,2020-03-09
Jackson,Louisiana,2020-03-25
Iberville,Louisiana,2020-03-19
Iberia,Louisiana,2020-03-19
Grant,Louisiana,2020-03-23
Franklin,Louisiana,2020-03-28
Evangeline,Louisiana,2020-03-21
East Feliciana,Louisiana,2020-03-26
East Carroll,Louisiana,2020-03-28
East Baton Rouge,Louisiana,2020-03-17
De Soto,Louisiana,2020-03-20
Boyd,Kentucky,2020-03-29
Boone,Kentucky,2020-03-26
Buchanan,Iowa,2020-03-24
Story,Iowa,2020-03-21
Shelby,Iowa,2020-03-28
Scott,Iowa,2020-03-22
Sac,Iowa,2020-05-01
Ringgold,Iowa,2020-05-19
Poweshiek,Iowa,2020-03-22
Pottawattamie,Iowa,2020-03-09
Polk,Iowa,2020-03-15
Pocahontas,Iowa,2020-04-27
Plymouth,Iowa,2020-04-03
Palo Alto,Iowa,2020-05-08
Page,Iowa,2020-03-26
Osceola,Iowa,2020-04-10
O'Brien,Iowa,2020-04-02
Muscatine,Iowa,2020-03-19
Montgomery,Iowa,2020-03-27
Monroe,Iowa,2020-05-03
Monona,Iowa,2020-03-26
Mitchell,Iowa,2020-04-01
Mills,Iowa,2020-04-04
Marshall,Iowa,2020-03-27
Marion,Iowa,2020-04-06
Sioux,Iowa,2020-03-22
Tama,Iowa,2020-03-22
Madison,Iowa,2020-04-01
Taylor,Iowa,2020-03-28
Butler,Kansas,2020-03-13
Brown,Kansas,2020-05-04
Bourbon,Kansas,2020-03-23
Barton,Kansas,2020-03-31
Barber,Kansas,2020-04-07
Atchison,Kansas,2020-03-30
Anderson,Kansas,2020-05-09
Allen,Kansas,2020-06-15
Wright,Iowa,2020-03-27
Worth,Iowa,2020-04-08
Woodbury,Iowa,2020-03-22
Winneshiek,Iowa,2020-03-18
Winnebago,Iowa,2020-04-06
Webster,Iowa,2020-03-27
Wayne,Iowa,2020-05-01
Washington,Iowa,2020-03-18
Warren,Iowa,2020-03-24
Wapello,Iowa,2020-03-23
Van Buren,Iowa,2020-03-30
Unknown,Iowa,2020-04-01
Union,Iowa,2020-04-10
Mahaska,Iowa,2020-03-26
Lyon,Iowa,2020-04-03
Chautauqua,Kansas,2020-03-31
Franklin,Iowa,2020-04-06
Fayette,Iowa,2020-03-21
Emmet,Iowa,2020-05-13
Dubuque,Iowa,2020-03-19
Dickinson,Iowa,2020-03-27
Des Moines,Iowa,2020-03-26
Delaware,Iowa,2020-04-07
Decatur,Iowa,2020-05-27
Davis,Iowa,2020-04-29
Dallas,Iowa,2020-03-14
Crawford,Iowa,2020-03-30
Clinton,Iowa,2020-03-27
Clayton,Iowa,2020-03-26
Clay,Iowa,2020-03-31
Clarke,Iowa,2020-04-05
Chickasaw,Iowa,2020-04-06
Cherokee,Iowa,2020-04-21
Cerro Gordo,Iowa,2020-03-22
Cedar,Iowa,2020-03-24
Cass,Iowa,2020-04-13
Carroll,Iowa,2020-03-12
Calhoun,Iowa,2020-05-01
Floyd,Iowa,2020-05-01
Fremont,Iowa,2020-05-08
Lucas,Iowa,2020-05-17
Greene,Iowa,2020-04-07
Louisa,Iowa,2020-04-03
Linn,Iowa,2020-03-21
Lee,Iowa,2020-04-04
Kossuth,Iowa,2020-03-22
Keokuk,Iowa,2020-03-28
Jones,Iowa,2020-03-30
Johnson,Iowa,2020-03-08
Jefferson,Iowa,2020-04-02
Jasper,Iowa,2020-03-24
Jackson,Iowa,2020-03-30
Iowa,Iowa,2020-03-27
Ida,Iowa,2020-05-12
Humboldt,Iowa,2020-04-21
Howard,Iowa,2020-04-04
Henry,Iowa,2020-03-21
Harrison,Iowa,2020-03-13
Hardin,Iowa,2020-03-27
Hancock,Iowa,2020-03-23
Hamilton,Iowa,2020-04-05
Guthrie,Iowa,2020-03-30
Grundy,Iowa,2020-04-04
Chase,Kansas,2020-04-17
Cherokee,Kansas,2020-03-19
Bell,Kentucky,2020-05-18
Scott,Kansas,2020-04-07
Russell,Kansas,2020-07-10
Rush,Kansas,2020-06-29
Rooks,Kansas,2020-04-07
Riley,Kansas,2020-03-20
Rice,Kansas,2020-04-23
Republic,Kansas,2020-04-05
Reno,Kansas,2020-03-20
Pratt,Kansas,2020-04-01
Pottawatomie,Kansas,2020-03-24
Phillips,Kansas,2020-04-11
Pawnee,Kansas,2020-06-03
Ottawa,Kansas,2020-03-27
Osborne,Kansas,2020-04-03
Osage,Kansas,2020-03-27
Norton,Kansas,2020-05-01
Ness,Kansas,2020-05-18
Neosho,Kansas,2020-03-25
Nemaha,Kansas,2020-04-28
Morton,Kansas,2020-04-06
Morris,Kansas,2020-03-19
Montgomery,Kansas,2020-03-29
Saline,Kansas,2020-03-30
Sedgwick,Kansas,2020-03-19
Miami,Kansas,2020-03-28
Seward,Kansas,2020-04-07
Bath,Kentucky,2020-04-02
Barren,Kentucky,2020-03-31
Ballard,Kentucky,2020-04-08
Anderson,Kentucky,2020-03-21
Allen,Kentucky,2020-03-22
Adair,Kentucky,2020-04-05
Wyandotte,Kansas,2020-03-12
Woodson,Kansas,2020-03-24
Wilson,Kansas,2020-04-17
Washington,Kansas,2020-06-10
Wabaunsee,Kansas,2020-04-05
Trego,Kansas,2020-05-22
Thomas,Kansas,2020-06-22
Sumner,Kansas,2020-03-26
Stevens,Kansas,2020-03-29
Stanton,Kansas,2020-04-12
Stafford,Kansas,2020-03-29
Smith,Kansas,2020-04-15
Sherman,Kansas,2020-04-17
Sheridan,Kansas,2020-04-19
Shawnee,Kansas,2020-03-25
Mitchell,Kansas,2020-03-22
Meade,Kansas,2020-04-24
Cheyenne,Kansas,2020-04-29
Gray,Kansas,2020-04-23
Graham,Kansas,2020-07-06
Gove,Kansas,2020-03-27
Geary,Kansas,2020-04-05
Franklin,Kansas,2020-03-14
Ford,Kansas,2020-03-17
Finney,Kansas,2020-03-29
Ellsworth,Kansas,2020-05-04
Ellis,Kansas,2020-04-11
Elk,Kansas,2020-06-26
Edwards,Kansas,2020-04-22
Douglas,Kansas,2020-03-17
Doniphan,Kansas,2020-03-24
Dickinson,Kansas,2020-04-14
Decatur,Kansas,2020-07-12
Crawford,Kansas,2020-03-25
Cowley,Kansas,2020-04-02
Comanche,Kansas,2020-05-22
Coffey,Kansas,2020-03-27
Cloud,Kansas,2020-04-02
Clay,Kansas,2020-03-27
Clark,Kansas,2020-04-23
Grant,Kansas,2020-04-24
Greeley,Kansas,2020-07-12
McPherson,Kansas,2020-03-27
Greenwood,Kansas,2020-04-04
Marshall,Kansas,2020-06-24
Marion,Kansas,2020-04-03
Lyon,Kansas,2020-03-23
Logan,Kansas,2020-06-24
Linn,Kansas,2020-03-19
Lincoln,Kansas,2020-07-10
Leavenworth,Kansas,2020-03-18
Lane,Kansas,2020-05-22
Labette,Kansas,2020-03-31
Kiowa,Kansas,2020-04-23
Kingman,Kansas,2020-07-06
Kearny,Kansas,2020-04-12
Johnson,Kansas,2020-03-07
Jewell,Kansas,2020-04-04
Jefferson,Kansas,2020-03-26
Jackson,Kansas,2020-03-22
Hodgeman,Kansas,2020-05-22
Haskell,Kansas,2020-04-20
Harvey,Kansas,2020-03-27
Harper,Kansas,2020-04-30
Hamilton,Kansas,2020-04-11
Calvert,Maryland,2020-03-19
Caroline,Maryland,2020-03-21
Carroll,Maryland,2020-03-14
Tate,Mississippi,2020-03-22
Sunflower,Mississippi,2020-03-22
Stone,Mississippi,2020-04-05
Smith,Mississippi,2020-03-20
Simpson,Mississippi,2020-03-21
Sharkey,Mississippi,2020-03-27
Scott,Mississippi,2020-03-19
Rankin,Mississippi,2020-03-20
Quitman,Mississippi,2020-03-26
Prentiss,Mississippi,2020-03-25
Pontotoc,Mississippi,2020-03-22
Pike,Mississippi,2020-03-20
Perry,Mississippi,2020-03-18
Pearl River,Mississippi,2020-03-13
Panola,Mississippi,2020-03-21
Oktibbeha,Mississippi,2020-03-22
Noxubee,Mississippi,2020-03-24
Newton,Mississippi,2020-03-24
Neshoba,Mississippi,2020-03-27
Montgomery,Mississippi,2020-03-22
Monroe,Mississippi,2020-03-16
Marshall,Mississippi,2020-03-20
Tallahatchie,Mississippi,2020-03-23
Tippah,Mississippi,2020-03-20
Madison,Mississippi,2020-03-18
Tishomingo,Mississippi,2020-03-31
Boone,Missouri,2020-03-17
Bollinger,Missouri,2020-03-26
Benton,Missouri,2020-03-26
Bates,Missouri,2020-03-21
Barton,Missouri,2020-06-11
Barry,Missouri,2020-03-27
Audrain,Missouri,2020-04-19
Atchison,Missouri,2020-03-27
Andrew,Missouri,2020-04-11
Adair,Missouri,2020-03-23
Yazoo,Mississippi,2020-03-19
Yalobusha,Mississippi,2020-03-26
Winston,Mississippi,2020-03-19
Wilkinson,Mississippi,2020-03-19
Webster,Mississippi,2020-03-22
Wayne,Mississippi,2020-04-02
Washington,Mississippi,2020-03-21
Warren,Mississippi,2020-03-29
Walthall,Mississippi,2020-03-19
Union,Mississippi,2020-03-21
Tunica,Mississippi,2020-03-21
Marion,Mississippi,2020-03-23
Lowndes,Mississippi,2020-03-21
Butler,Missouri,2020-04-01
Franklin,Mississippi,2020-03-20
DeSoto,Mississippi,2020-03-18
Covington,Mississippi,2020-03-28
Copiah,Mississippi,2020-03-13
Coahoma,Mississippi,2020-03-18
Clay,Mississippi,2020-03-21
Clarke,Mississippi,2020-03-28
Claiborne,Mississippi,2020-03-29
Choctaw,Mississippi,2020-03-24
Chickasaw,Mississippi,2020-03-22
Carroll,Mississippi,2020-03-29
Calhoun,Mississippi,2020-03-25
Bolivar,Mississippi,2020-03-18
Benton,Mississippi,2020-03-26
Attala,Mississippi,2020-03-21
Amite,Mississippi,2020-03-28
Alcorn,Mississippi,2020-03-30
Adams,Mississippi,2020-03-20
Yellow Medicine,Minnesota,2020-04-01
Wright,Minnesota,2020-03-13
Winona,Minnesota,2020-03-25
Wilkin,Minnesota,2020-03-26
Forrest,Mississippi,2020-03-11
George,Mississippi,2020-03-21
Lincoln,Mississippi,2020-03-21
Greene,Mississippi,2020-04-06
Leflore,Mississippi,2020-03-13
Lee,Mississippi,2020-03-20
Leake,Mississippi,2020-03-21
Lawrence,Mississippi,2020-03-20
Lauderdale,Mississippi,2020-03-26
Lamar,Mississippi,2020-03-23
Lafayette,Mississippi,2020-03-20
Kemper,Mississippi,2020-03-27
Jones,Mississippi,2020-03-19
Jefferson Davis,Mississippi,2020-04-09
Jefferson,Mississippi,2020-03-27
Jasper,Mississippi,2020-04-01
Jackson,Mississippi,2020-03-17
Itawamba,Mississippi,2020-03-21
Issaquena,Mississippi,2020-06-25
Humphreys,Mississippi,2020-03-20
Holmes,Mississippi,2020-03-19
Hinds,Mississippi,2020-03-15
Harrison,Mississippi,2020-03-17
Hancock,Mississippi,2020-03-16
Grenada,Mississippi,2020-03-21
Buchanan,Missouri,2020-03-27
Caldwell,Missouri,2020-04-01
Cecil,Maryland,2020-03-22
Pulaski,Missouri,2020-03-20
Platte,Missouri,2020-03-25
Pike,Missouri,2020-03-30
Phelps,Missouri,2020-04-06
Pettis,Missouri,2020-03-27
Perry,Missouri,2020-03-23
Pemiscot,Missouri,2020-03-24
Ozark,Missouri,2020-06-20
Osage,Missouri,2020-03-30
Oregon,Missouri,2020-04-07
Nodaway,Missouri,2020-04-04
Newton,Missouri,2020-03-25
New Madrid,Missouri,2020-04-02
Morgan,Missouri,2020-03-30
Montgomery,Missouri,2020-03-25
Monroe,Missouri,2020-05-27
Moniteau,Missouri,2020-03-23
Mississippi,Missouri,2020-04-22
Miller,Missouri,2020-04-15
Mercer,Missouri,2020-05-31
McDonald,Missouri,2020-03-25
Marion,Missouri,2020-04-18
Polk,Missouri,2020-04-07
Putnam,Missouri,2020-06-07
Madison,Missouri,2020-04-06
Ralls,Missouri,2020-03-25
Texas,Missouri,2020-05-29
Taney,Missouri,2020-03-23
Sullivan,Missouri,2020-05-03
Stone,Missouri,2020-03-30
Stoddard,Missouri,2020-03-26
Ste. Genevieve,Missouri,2020-03-31
St. Louis city,Missouri,2020-03-18
St. Louis,Missouri,2020-03-07
St. Francois,Missouri,2020-03-23
St. Clair,Missouri,2020-04-09
St. Charles,Missouri,2020-03-18
Shelby,Missouri,2020-03-25
Shannon,Missouri,2020-05-27
Scott,Missouri,2020-03-20
Scotland,Missouri,2020-04-07
Schuyler,Missouri,2020-05-16
Saline,Missouri,2020-04-03
Ripley,Missouri,2020-03-28
Reynolds,Missouri,2020-03-30
Ray,Missouri,2020-03-27
Randolph,Missouri,2020-03-25
Maries,Missouri,2020-03-30
Macon,Missouri,2020-03-30
Callaway,Missouri,2020-03-23
Gasconade,Missouri,2020-04-01
Dunklin,Missouri,2020-03-20
Douglas,Missouri,2020-05-31
Dent,Missouri,2020-05-15
DeKalb,Missouri,2020-04-01
Daviess,Missouri,2020-04-15
Dallas,Missouri,2020-04-07
Dade,Missouri,2020-06-15
Crawford,Missouri,2020-03-30
Cooper,Missouri,2020-03-25
Cole,Missouri,2020-03-17
Clinton,Missouri,2020-03-23
Clay,Missouri,2020-03-23
Clark,Missouri,2020-04-03
Christian,Missouri,2020-03-20
Chariton,Missouri,2020-03-27
Cedar,Missouri,2020-03-30
Cass,Missouri,2020-03-16
Carter,Missouri,2020-03-26
Carroll,Missouri,2020-04-22
Cape Girardeau,Missouri,2020-03-24
Camden,Missouri,2020-03-23
Franklin,Missouri,2020-03-24
Gentry,Missouri,2020-04-06
Livingston,Missouri,2020-03-30
Greene,Missouri,2020-03-12
Linn,Missouri,2020-04-03
Lincoln,Missouri,2020-03-27
Lewis,Missouri,2020-04-18
Lawrence,Missouri,2020-05-03
Lafayette,Missouri,2020-03-23
Laclede,Missouri,2020-05-09
Knox,Missouri,2020-06-10
Kansas City,Missouri,2020-03-20
Joplin,Missouri,2020-06-25
Johnson,Missouri,2020-03-21
Jefferson,Missouri,2020-03-24
Jasper,Missouri,2020-03-21
Jackson,Missouri,2020-03-17
Iron,Missouri,2020-04-11
Howell,Missouri,2020-04-02
Howard,Missouri,2020-04-07
Holt,Missouri,2020-04-15
Hickory,Missouri,2020-07-08
Henry,Missouri,2020-03-13
Harrison,Missouri,2020-03-31
Grundy,Missouri,2020-05-23
Watonwan,Minnesota,2020-03-30
Washington,Minnesota,2020-03-15
Waseca,Minnesota,2020-03-15
Kent,Michigan,2020-03-12
Kalamazoo,Michigan,2020-03-23
Jackson,Michigan,2020-03-17
Isabella,Michigan,2020-03-24
Iron,Michigan,2020-06-02
Iosco,Michigan,2020-03-25
Ionia,Michigan,2020-03-26
Ingham,Michigan,2020-03-12
Huron,Michigan,2020-03-27
Houghton,Michigan,2020-03-30
Hillsdale,Michigan,2020-03-24
Gratiot,Michigan,2020-03-27
Grand Traverse,Michigan,2020-03-22
Gogebic,Michigan,2020-03-26
Gladwin,Michigan,2020-03-22
Genesee,Michigan,2020-03-19
Emmet,Michigan,2020-03-22
Eaton,Michigan,2020-03-19
Dickinson,Michigan,2020-04-02
Delta,Michigan,2020-03-30
Crawford,Michigan,2020-03-27
Clinton,Michigan,2020-03-19
Kalkaska,Michigan,2020-03-24
Keweenaw,Michigan,2020-06-10
Chippewa,Michigan,2020-03-23
Lake,Michigan,2020-04-11
Oceana,Michigan,2020-03-26
Oakland,Michigan,2020-03-10
Newaygo,Michigan,2020-03-23
Muskegon,Michigan,2020-03-23
Montmorency,Michigan,2020-04-13
Montcalm,Michigan,2020-03-12
Monroe,Michigan,2020-03-14
Missaukee,Michigan,2020-03-26
Midland,Michigan,2020-03-19
Menominee,Michigan,2020-04-10
Mecosta,Michigan,2020-03-26
Mason,Michigan,2020-04-07
Marquette,Michigan,2020-03-25
Manistee,Michigan,2020-03-24
Macomb,Michigan,2020-03-13
Mackinac,Michigan,2020-04-01
Luce,Michigan,2020-04-03
Livingston,Michigan,2020-03-19
Lenawee,Michigan,2020-03-25
Leelanau,Michigan,2020-03-13
Lapeer,Michigan,2020-03-24
Clare,Michigan,2020-03-21
Cheboygan,Michigan,2020-03-29
Wadena,Minnesota,2020-04-28
Franklin,Massachusetts,2020-03-18
Dukes,Massachusetts,2020-03-25
Bristol,Massachusetts,2020-03-14
Berkshire,Massachusetts,2020-03-07
Barnstable,Massachusetts,2020-03-14
Worcester,Maryland,2020-03-20
Wicomico,Maryland,2020-03-19
Washington,Maryland,2020-03-21
Unknown,Maryland,2020-04-01
Talbot,Maryland,2020-03-16
St. Mary's,Maryland,2020-03-22
Somerset,Maryland,2020-03-21
Queen Anne's,Maryland,2020-03-23
Prince George's,Maryland,2020-03-09
Montgomery,Maryland,2020-03-05
Kent,Maryland,2020-03-25
Howard,Maryland,2020-03-15
Harford,Maryland,2020-03-08
Garrett,Maryland,2020-03-23
Frederick,Maryland,2020-03-16
Dorchester,Maryland,2020-04-01
Charles,Maryland,2020-03-13
Essex,Massachusetts,2020-03-10
Hampden,Massachusetts,2020-03-15
Charlevoix,Michigan,2020-03-13
Hampshire,Massachusetts,2020-03-19
Cass,Michigan,2020-03-27
Calhoun,Michigan,2020-03-21
Branch,Michigan,2020-03-31
Berrien,Michigan,2020-03-21
Benzie,Michigan,2020-04-18
Bay,Michigan,2020-03-13
Barry,Michigan,2020-03-21
Baraga,Michigan,2020-04-16
Arenac,Michigan,2020-03-31
Antrim,Michigan,2020-03-30
Alpena,Michigan,2020-04-11
Allegan,Michigan,2020-03-21
Alger,Michigan,2020-06-10
Alcona,Michigan,2020-04-15
Worcester,Massachusetts,2020-03-08
Unknown,Massachusetts,2020-03-16
Suffolk,Massachusetts,2020-02-01
Plymouth,Massachusetts,2020-03-15
Norfolk,Massachusetts,2020-03-02
Nantucket,Massachusetts,2020-03-21
Middlesex,Massachusetts,2020-03-05
Ogemaw,Michigan,2020-03-26
Ontonagon,Michigan,2020-07-04
Osceola,Michigan,2020-03-28
Pennington,Minnesota,2020-04-21
Olmsted,Minnesota,2020-03-11
Norman,Minnesota,2020-04-15
Nobles,Minnesota,2020-04-10
Nicollet,Minnesota,2020-03-17
Murray,Minnesota,2020-04-06
Mower,Minnesota,2020-03-19
Morrison,Minnesota,2020-04-19
Mille Lacs,Minnesota,2020-04-16
Meeker,Minnesota,2020-03-30
McLeod,Minnesota,2020-04-04
Martin,Minnesota,2020-03-17
Marshall,Minnesota,2020-04-19
Mahnomen,Minnesota,2020-03-27
Lyon,Minnesota,2020-03-31
Lincoln,Minnesota,2020-03-27
Le Sueur,Minnesota,2020-03-22
Lake,Minnesota,2020-05-07
Lac qui Parle,Minnesota,2020-03-23
Koochiching,Minnesota,2020-04-02
Kittson,Minnesota,2020-04-18
Kandiyohi,Minnesota,2020-03-26
Otter Tail,Minnesota,2020-03-29
Pine,Minnesota,2020-04-08
Oscoda,Michigan,2020-03-31
Pipestone,Minnesota,2020-04-05
Wabasha,Minnesota,2020-03-21
Unknown,Minnesota,2020-03-21
Traverse,Minnesota,2020-03-31
Todd,Minnesota,2020-04-12
Swift,Minnesota,2020-04-07
Stevens,Minnesota,2020-05-28
Steele,Minnesota,2020-03-21
Stearns,Minnesota,2020-03-12
St. Louis,Minnesota,2020-03-21
Sibley,Minnesota,2020-03-26
Sherburne,Minnesota,2020-03-23
Scott,Minnesota,2020-03-19
Roseau,Minnesota,2020-04-07
Rock,Minnesota,2020-04-12
Rice,Minnesota,2020-03-18
Renville,Minnesota,2020-03-14
Redwood,Minnesota,2020-04-06
Red Lake,Minnesota,2020-04-12
Ramsey,Minnesota,2020-03-06
Pope,Minnesota,2020-05-05
Polk,Minnesota,2020-04-04
Kanabec,Minnesota,2020-05-01
Jackson,Minnesota,2020-03-21
Itasca,Minnesota,2020-03-30
Isanti,Minnesota,2020-03-29
Benton,Minnesota,2020-03-16
Beltrami,Minnesota,2020-03-27
Becker,Minnesota,2020-04-11
Anoka,Minnesota,2020-03-10
Aitkin,Minnesota,2020-04-17
Wexford,Michigan,2020-03-21
Wayne,Michigan,2020-03-10
Washtenaw,Michigan,2020-03-12
Van Buren,Michigan,2020-03-25
Unknown,Michigan,2020-03-24
Tuscola,Michigan,2020-03-21
St. Joseph,Michigan,2020-03-30
St. Clair,Michigan,2020-03-12
Shiawassee,Michigan,2020-03-26
Schoolcraft,Michigan,2020-04-08
Sanilac,Michigan,2020-03-25
Saginaw,Michigan,2020-03-21
Roscommon,Michigan,2020-03-22
Presque Isle,Michigan,2020-04-06
Ottawa,Michigan,2020-03-15
Otsego,Michigan,2020-03-17
Big Stone,Minnesota,2020-03-23
Blue Earth,Minnesota,2020-03-16
Brown,Minnesota,2020-03-31
Dodge,Minnesota,2020-03-21
Hubbard,Minnesota,2020-05-23
Houston,Minnesota,2020-04-05
Hennepin,Minnesota,2020-03-12
Grant,Minnesota,2020-05-02
Goodhue,Minnesota,2020-03-25
Freeborn,Minnesota,2020-04-01
Fillmore,Minnesota,2020-03-20
Faribault,Minnesota,2020-03-27
Douglas,Minnesota,2020-03-29
Dakota,Minnesota,2020-03-12
Carlton,Minnesota,2020-03-31
Crow Wing,Minnesota,2020-04-01
Cottonwood,Minnesota,2020-03-29
Cook,Minnesota,2020-06-13
Clearwater,Minnesota,2020-03-28
Clay,Minnesota,2020-03-20
Chisago,Minnesota,2020-03-20
Chippewa,Minnesota,2020-04-20
Cass,Minnesota,2020-03-23
Carver,Minnesota,2020-03-08
Buena Vista,Iowa,2020-04-07
Bremer,Iowa,2020-04-02
Warren,Missouri,2020-03-28
Kit Carson,Colorado,2020-03-26
Jackson,Colorado,2020-06-25
Huerfano,Colorado,2020-03-24
Hinsdale,Colorado,2020-03-21
Gunnison,Colorado,2020-03-10
Grand,Colorado,2020-03-19
Gilpin,Colorado,2020-04-09
Garfield,Colorado,2020-03-15
Fremont,Colorado,2020-03-24
Elbert,Colorado,2020-03-21
El Paso,Colorado,2020-03-06
Eagle,Colorado,2020-03-06
Douglas,Colorado,2020-03-05
Denver,Colorado,2020-03-06
Delta,Colorado,2020-03-24
Custer,Colorado,2020-04-02
Crowley,Colorado,2020-03-19
Costilla,Colorado,2020-03-27
Conejos,Colorado,2020-05-07
Clear Creek,Colorado,2020-03-13
Cheyenne,Colorado,2020-05-07
Chaffee,Colorado,2020-03-21
Jefferson,Colorado,2020-03-05
La Plata,Colorado,2020-03-23
Boulder,Colorado,2020-03-14
Lake,Colorado,2020-03-31
Saguache,Colorado,2020-03-31
Routt,Colorado,2020-03-13
Rio Grande,Colorado,2020-03-26
Rio Blanco,Colorado,2020-04-03
Pueblo,Colorado,2020-03-13
Prowers,Colorado,2020-04-09
Pitkin,Colorado,2020-03-11
Phillips,Colorado,2020-03-30
Park,Colorado,2020-03-20
Ouray,Colorado,2020-04-04
Otero,Colorado,2020-03-25
Morgan,Colorado,2020-03-19
Montrose,Colorado,2020-03-21
Montezuma,Colorado,2020-03-29
Moffat,Colorado,2020-03-28
Mineral,Colorado,2020-03-29
Mesa,Colorado,2020-03-14
Logan,Colorado,2020-03-23
Lincoln,Colorado,2020-03-27
Las Animas,Colorado,2020-04-03
Larimer,Colorado,2020-03-09
Broomfield,Colorado,2020-03-20
Bent,Colorado,2020-05-10
San Miguel,Colorado,2020-03-20
San Joaquin,California,2020-03-10
San Diego,California,2020-02-10
San Bernardino,California,2020-03-15
San Benito,California,2020-03-13
Sacramento,California,2020-02-21
Riverside,California,2020-03-07
Plumas,California,2020-03-31
Placer,California,2020-03-02
Orange,California,2020-01-25
Nevada,California,2020-03-16
Napa,California,2020-02-26
Monterey,California,2020-03-17
Mono,California,2020-03-24
Merced,California,2020-03-24
Mendocino,California,2020-03-18
Mariposa,California,2020-04-28
Marin,California,2020-02-26
Madera,California,2020-03-07
Los Angeles,California,2020-01-26
Lassen,California,2020-05-23
Lake,California,2020-04-06
Kings,California,2020-03-27
San Francisco,California,2020-02-02
San Luis Obispo,California,2020-03-14
Baca,Colorado,2020-03-28
San Mateo,California,2020-03-02
Archuleta,Colorado,2020-03-30
Arapahoe,Colorado,2020-03-09
Alamosa,Colorado,2020-03-27
Adams,Colorado,2020-03-12
Yuba,California,2020-03-21
Yolo,California,2020-03-06
Ventura,California,2020-03-10
Tuolumne,California,2020-03-29
Tulare,California,2020-03-12
Trinity,California,2020-05-10
Tehama,California,2020-04-03
Sutter,California,2020-03-25
Stanislaus,California,2020-03-11
Sonoma,California,2020-02-26
Solano,California,2020-02-24
Siskiyou,California,2020-03-21
Sierra,California,2020-05-22
Shasta,California,2020-03-09
Santa Cruz,California,2020-03-07
Santa Clara,California,2020-01-31
Santa Barbara,California,2020-03-15
San Juan,Colorado,2020-05-06
Sedgwick,Colorado,2020-07-14
Inyo,California,2020-03-25
Santa Rosa,Florida,2020-03-05
Polk,Florida,2020-03-17
Pinellas,Florida,2020-03-10
Pasco,Florida,2020-03-10
Palm Beach,Florida,2020-03-12
Osceola,Florida,2020-03-13
Orange,Florida,2020-03-13
Okeechobee,Florida,2020-04-01
Okaloosa,Florida,2020-03-07
Nassau,Florida,2020-03-10
Monroe,Florida,2020-03-20
Miami-Dade,Florida,2020-03-11
Martin,Florida,2020-03-19
Marion,Florida,2020-03-21
Manatee,Florida,2020-03-01
Madison,Florida,2020-04-01
Liberty,Florida,2020-04-10
Levy,Florida,2020-03-27
Leon,Florida,2020-03-18
Lee,Florida,2020-03-06
Lake,Florida,2020-03-16
Lafayette,Florida,2020-04-08
Putnam,Florida,2020-03-21
Sarasota,Florida,2020-03-12
Jackson,Florida,2020-03-19
Seminole,Florida,2020-03-12
Berrien,Georgia,2020-03-30
Ben Hill,Georgia,2020-03-24
Bartow,Georgia,2020-03-11
Barrow,Georgia,2020-03-22
Banks,Georgia,2020-03-30
Baldwin,Georgia,2020-03-21
Baker,Georgia,2020-03-24
Bacon,Georgia,2020-03-29
Atkinson,Georgia,2020-04-06
Appling,Georgia,2020-03-30
Washington,Florida,2020-03-26
Walton,Florida,2020-03-18
Wakulla,Florida,2020-03-29
Volusia,Florida,2020-03-07
Unknown,Florida,2020-03-22
Union,Florida,2020-03-31
Taylor,Florida,2020-04-07
Suwannee,Florida,2020-03-27
Sumter,Florida,2020-03-18
St. Lucie,Florida,2020-03-21
St. Johns,Florida,2020-03-11
Jefferson,Florida,2020-04-04
Indian River,Florida,2020-03-19
Summit,Colorado,2020-03-13
Brevard,Florida,2020-03-17
Bay,Florida,2020-03-21
Baker,Florida,2020-03-15
Alachua,Florida,2020-03-10
District of Columbia,District of Columbia,2020-03-07
Unknown,Delaware,2020-04-10
Sussex,Delaware,2020-03-17
New Castle,Delaware,2020-03-11
Kent,Delaware,2020-03-18
Windham,Connecticut,2020-03-19
Unknown,Connecticut,2020-03-30
Tolland,Connecticut,2020-03-19
New London,Connecticut,2020-03-20
New Haven,Connecticut,2020-03-14
Middlesex,Connecticut,2020-03-18
Litchfield,Connecticut,2020-03-12
Hartford,Connecticut,2020-03-14
Fairfield,Connecticut,2020-03-08
Yuma,Colorado,2020-03-18
Weld,Colorado,2020-03-13
Washington,Colorado,2020-03-26
Teller,Colorado,2020-03-23
Bradford,Florida,2020-03-22
Broward,Florida,2020-03-06
Holmes,Florida,2020-03-30
Calhoun,Florida,2020-03-31
Hillsborough,Florida,2020-03-01
Highlands,Florida,2020-03-21
Hernando,Florida,2020-03-19
Hendry,Florida,2020-03-28
Hardee,Florida,2020-04-01
Hamilton,Florida,2020-04-06
Gulf,Florida,2020-04-01
Glades,Florida,2020-03-29
Gilchrist,Florida,2020-04-07
Gadsden,Florida,2020-03-25
Franklin,Florida,2020-04-03
Flagler,Florida,2020-03-22
Escambia,Florida,2020-03-16
Duval,Florida,2020-03-12
Dixie,Florida,2020-04-04
DeSoto,Florida,2020-03-22
Columbia,Florida,2020-03-22
Collier,Florida,2020-03-10
Clay,Florida,2020-03-12
Citrus,Florida,2020-03-15
Charlotte,Florida,2020-03-07
Kern,California,2020-03-17
Imperial,California,2020-03-20
Boone,Iowa,2020-03-28
Denali Borough,Alaska,2020-06-25
Bethel Census Area,Alaska,2020-04-07
Anchorage,Alaska,2020-03-12
Aleutians West Census Area,Alaska,2020-06-04
Aleutians East Borough,Alaska,2020-06-09
Winston,Alabama,2020-03-27
Wilcox,Alabama,2020-03-25
Washington,Alabama,2020-03-20
Walker,Alabama,2020-03-19
Tuscaloosa,Alabama,2020-03-13
Tallapoosa,Alabama,2020-03-23
Talladega,Alabama,2020-03-18
Sumter,Alabama,2020-03-30
St. Clair,Alabama,2020-03-17
Shelby,Alabama,2020-03-15
Russell,Alabama,2020-03-25
Randolph,Alabama,2020-03-27
Pike,Alabama,2020-03-25
Pickens,Alabama,2020-03-25
Perry,Alabama,2020-04-09
Morgan,Alabama,2020-03-24
Montgomery,Alabama,2020-03-13
Bristol Bay Borough,Alaska,2020-05-30
Dillingham Census Area,Alaska,2020-05-31
Mobile,Alabama,2020-03-19
Fairbanks North Star Borough,Alaska,2020-03-16
Cochise,Arizona,2020-03-21
Apache,Arizona,2020-03-21
Yukon-Koyukuk Census Area,Alaska,2020-04-02
Wrangell City and Borough,Alaska,2020-06-08
Valdez-Cordova Census Area,Alaska,2020-05-07
Unknown,Alaska,2020-04-02
Southeast Fairbanks Census Area,Alaska,2020-04-03
Sitka City and Borough,Alaska,2020-04-26
Prince of Wales-Hyder Census Area,Alaska,2020-04-11
Petersburg Borough,Alaska,2020-04-06
Northwest Arctic Borough,Alaska,2020-05-20
North Slope Borough,Alaska,2020-05-28
Nome Census Area,Alaska,2020-04-15
Matanuska-Susitna Borough,Alaska,2020-03-23
Lake and Peninsula Borough,Alaska,2020-06-05
Kusilvak Census Area,Alaska,2020-07-03
Kodiak Island Borough,Alaska,2020-04-16
Ketchikan Gateway Borough,Alaska,2020-03-17
Kenai Peninsula Borough,Alaska,2020-03-18
Juneau City and Borough,Alaska,2020-03-23
Haines Borough,Alaska,2020-06-09
Monroe,Alabama,2020-03-28
Marshall,Alabama,2020-03-25
Gila,Arizona,2020-03-28
Dale,Alabama,2020-04-01
Crenshaw,Alabama,2020-03-26
Covington,Alabama,2020-03-27
Coosa,Alabama,2020-03-26
Conecuh,Alabama,2020-04-01
Colbert,Alabama,2020-03-25
Coffee,Alabama,2020-04-02
Cleburne,Alabama,2020-03-25
Clay,Alabama,2020-03-25
Clarke,Alabama,2020-04-01
Choctaw,Alabama,2020-03-26
Chilton,Alabama,2020-03-25
Cherokee,Alabama,2020-03-25
Chambers,Alabama,2020-03-19
Calhoun,Alabama,2020-03-18
Butler,Alabama,2020-03-25
Bullock,Alabama,2020-03-26
Blount,Alabama,2020-03-25
Bibb,Alabama,2020-03-30
Barbour,Alabama,2020-04-03
Baldwin,Alabama,2020-03-14
Autauga,Alabama,2020-03-24
Cullman,Alabama,2020-03-20
Dallas,Alabama,2020-03-25
Marion,Alabama,2020-03-21
DeKalb,Alabama,2020-03-26
Marengo,Alabama,2020-03-26
Madison,Alabama,2020-03-17
Macon,Alabama,2020-03-29
Lowndes,Alabama,2020-03-26
Limestone,Alabama,2020-03-13
Lee,Alabama,2020-03-15
Lawrence,Alabama,2020-03-25
Lauderdale,Alabama,2020-03-20
Lamar,Alabama,2020-03-20
Jefferson,Alabama,2020-03-13
Jackson,Alabama,2020-03-20
Houston,Alabama,2020-03-23
Henry,Alabama,2020-04-03
Hale,Alabama,2020-03-30
Greene,Alabama,2020-03-27
Geneva,Alabama,2020-04-12
Franklin,Alabama,2020-03-23
Fayette,Alabama,2020-03-30
Etowah,Alabama,2020-03-25
Escambia,Alabama,2020-03-27
Elmore,Alabama,2020-03-13
Coconino,Arizona,2020-03-18
Graham,Arizona,2020-03-14
Humboldt,California,2020-02-20
Searcy,Arkansas,2020-03-19
Saline,Arkansas,2020-03-15
Randolph,Arkansas,2020-03-26
Pulaski,Arkansas,2020-03-12
Prairie,Arkansas,2020-04-03
Pope,Arkansas,2020-03-19
Polk,Arkansas,2020-03-19
Poinsett,Arkansas,2020-03-19
Pike,Arkansas,2020-03-24
Phillips,Arkansas,2020-04-05
Perry,Arkansas,2020-03-29
Ouachita,Arkansas,2020-04-02
Newton,Arkansas,2020-03-30
Nevada,Arkansas,2020-03-29
Montgomery,Arkansas,2020-04-28
Monroe,Arkansas,2020-04-02
Mississippi,Arkansas,2020-04-02
Miller,Arkansas,2020-03-31
Marion,Arkansas,2020-04-10
Madison,Arkansas,2020-04-08
Lonoke,Arkansas,2020-03-26
Logan,Arkansas,2020-04-06
Scott,Arkansas,2020-03-31
Sebastian,Arkansas,2020-03-19
Lincoln,Arkansas,2020-03-16
Sevier,Arkansas,2020-03-19
Glenn,California,2020-03-28
Fresno,California,2020-03-07
El Dorado,California,2020-03-21
Del Norte,California,2020-04-02
Contra Costa,California,2020-03-03
Colusa,California,2020-03-27
Calaveras,California,2020-03-24
Butte,California,2020-03-21
Amador,California,2020-03-20
Alpine,California,2020-03-30
Alameda,California,2020-03-01
Yell,Arkansas,2020-04-05
Woodruff,Arkansas,2020-03-24
White,Arkansas,2020-03-24
Washington,Arkansas,2020-03-18
Van Buren,Arkansas,2020-03-19
Unknown,Arkansas,2020-03-20
Union,Arkansas,2020-03-24
Stone,Arkansas,2020-03-24
St. Francis,Arkansas,2020-03-30
Sharp,Arkansas,2020-04-02
Little River,Arkansas,2020-05-16
Lee,Arkansas,2020-04-01
Greenlee,Arizona,2020-03-30
Columbia,Arkansas,2020-03-24
Cleburne,Arkansas,2020-03-16
Clay,Arkansas,2020-04-06
Clark,Arkansas,2020-03-19
Chicot,Arkansas,2020-03-26
Carroll,Arkansas,2020-04-01
Calhoun,Arkansas,2020-07-02
Bradley,Arkansas,2020-03-18
Boone,Arkansas,2020-03-19
Benton,Arkansas,2020-03-19
Baxter,Arkansas,2020-03-27
Ashley,Arkansas,2020-03-29
Arkansas,Arkansas,2020-03-29
Yuma,Arizona,2020-03-20
Yavapai,Arizona,2020-03-19
Santa Cruz,Arizona,2020-03-19
Pinal,Arizona,2020-03-06
Pima,Arizona,2020-03-09
Navajo,Arizona,2020-03-17
Mohave,Arizona,2020-03-26
Maricopa,Arizona,2020-01-26
La Paz,Arizona,2020-03-26
Cleveland,Arkansas,2020-03-16
Conway,Arkansas,2020-03-24
Lawrence,Arkansas,2020-03-24
Craighead,Arkansas,2020-03-19
Lafayette,Arkansas,2020-04-03
Johnson,Arkansas,2020-03-28
Jefferson,Arkansas,2020-03-11
Jackson,Arkansas,2020-04-13
Izard,Arkansas,2020-04-06
Independence,Arkansas,2020-03-19
Howard,Arkansas,2020-03-26
Hot Spring,Arkansas,2020-03-24
Hempstead,Arkansas,2020-03-29
Greene,Arkansas,2020-03-19
Grant,Arkansas,2020-03-19
Garland,Arkansas,2020-03-15
Fulton,Arkansas,2020-04-23
Franklin,Arkansas,2020-04-06
Faulkner,Arkansas,2020-03-18
Drew,Arkansas,2020-03-25
Desha,Arkansas,2020-03-16
Dallas,Arkansas,2020-04-04
Cross,Arkansas,2020-03-24
Crittenden,Arkansas,2020-03-19
Crawford,Arkansas,2020-03-24
Bibb,Georgia,2020-03-19
Bleckley,Georgia,2020-03-30
Brantley,Georgia,2020-04-06
Randolph,Illinois,2020-03-30
Pulaski,Illinois,2020-04-09
Pope,Illinois,2020-05-08
Pike,Illinois,2020-04-04
Piatt,Illinois,2020-04-02
Perry,Illinois,2020-04-11
Peoria,Illinois,2020-03-16
Ogle,Illinois,2020-03-31
Moultrie,Illinois,2020-04-02
Morgan,Illinois,2020-03-25
Montgomery,Illinois,2020-03-29
Monroe,Illinois,2020-03-23
Mercer,Illinois,2020-04-02
Menard,Illinois,2020-03-29
McLean,Illinois,2020-03-20
McHenry,Illinois,2020-03-10
McDonough,Illinois,2020-04-11
Massac,Illinois,2020-04-01
Mason,Illinois,2020-04-04
Marshall,Illinois,2020-03-25
Marion,Illinois,2020-03-30
Madison,Illinois,2020-03-18
Putnam,Illinois,2020-05-16
Richland,Illinois,2020-04-07
Macon,Illinois,2020-03-28
Rock Island,Illinois,2020-03-22
Winnebago,Illinois,2020-03-15
Williamson,Illinois,2020-03-18
Will,Illinois,2020-03-16
Whiteside,Illinois,2020-03-15
White,Illinois,2020-04-20
Wayne,Illinois,2020-04-17
Washington,Illinois,2020-03-18
Warren,Illinois,2020-04-11
Wabash,Illinois,2020-04-06
Vermilion,Illinois,2020-04-01
Unknown,Illinois,2020-03-23
Union,Illinois,2020-04-15
Tazewell,Illinois,2020-03-26
Stephenson,Illinois,2020-03-22
Stark,Illinois,2020-04-08
St. Clair,Illinois,2020-03-14
Shelby,Illinois,2020-04-07
Scott,Illinois,2020-07-03
Schuyler,Illinois,2020-04-09
Sangamon,Illinois,2020-03-14
Saline,Illinois,2020-03-30
Macoupin,Illinois,2020-04-02
Logan,Illinois,2020-04-02
Adams,Indiana,2020-03-10
Fulton,Illinois,2020-04-10
Ford,Illinois,2020-03-31
Fayette,Illinois,2020-03-28
Effingham,Illinois,2020-04-03
Edwards,Illinois,2020-05-13
Edgar,Illinois,2020-05-29
DuPage,Illinois,2020-03-14
Douglas,Illinois,2020-03-25
DeKalb,Illinois,2020-03-21
De Witt,Illinois,2020-04-03
Cumberland,Illinois,2020-03-14
Crawford,Illinois,2020-03-30
Cook,Illinois,2020-01-24
Coles,Illinois,2020-04-07
Clinton,Illinois,2020-03-15
Clay,Illinois,2020-04-14
Clark,Illinois,2020-03-30
Christian,Illinois,2020-03-20
Champaign,Illinois,2020-03-22
Cass,Illinois,2020-04-20
Carroll,Illinois,2020-03-28
Calhoun,Illinois,2020-04-05
Franklin,Illinois,2020-03-26
Gallatin,Illinois,2020-04-05
Livingston,Illinois,2020-03-22
Greene,Illinois,2020-04-10
Lee,Illinois,2020-04-04
Lawrence,Illinois,2020-04-07
Lake,Illinois,2020-03-11
LaSalle,Illinois,2020-03-18
Knox,Illinois,2020-03-29
Kendall,Illinois,2020-03-18
Kankakee,Illinois,2020-03-18
Kane,Illinois,2020-03-10
Johnson,Illinois,2020-04-13
Jo Daviess,Illinois,2020-03-22
Jersey,Illinois,2020-04-03
Jefferson,Illinois,2020-04-06
Jasper,Illinois,2020-04-04
Jackson,Illinois,2020-03-18
Iroquois,Illinois,2020-03-27
Henry,Illinois,2020-03-27
Henderson,Illinois,2020-04-17
Hardin,Illinois,2020-04-21
Hancock,Illinois,2020-04-08
Hamilton,Illinois,2020-04-18
Grundy,Illinois,2020-03-24
Woodford,Illinois,2020-03-14
Allen,Indiana,2020-03-20
Brooks,Georgia,2020-03-29
Steuben,Indiana,2020-03-29
St. Joseph,Indiana,2020-03-11
Spencer,Indiana,2020-04-02
Shelby,Indiana,2020-03-20
Scott,Indiana,2020-03-22
Rush,Indiana,2020-03-25
Ripley,Indiana,2020-03-22
Randolph,Indiana,2020-03-27
Putnam,Indiana,2020-03-22
Pulaski,Indiana,2020-04-06
Posey,Indiana,2020-03-26
Porter,Indiana,2020-03-24
Pike,Indiana,2020-04-12
Perry,Indiana,2020-04-10
Parke,Indiana,2020-04-03
Owen,Indiana,2020-03-19
Orange,Indiana,2020-03-26
Ohio,Indiana,2020-03-24
Noble,Indiana,2020-03-09
Newton,Indiana,2020-03-28
Morgan,Indiana,2020-03-22
Montgomery,Indiana,2020-03-24
Starke,Indiana,2020-03-24
Sullivan,Indiana,2020-03-24
Miami,Indiana,2020-03-21
Switzerland,Indiana,2020-03-28
Black Hawk,Iowa,2020-03-17
Benton,Iowa,2020-03-25
Audubon,Iowa,2020-03-30
Appanoose,Iowa,2020-03-26
Allamakee,Iowa,2020-03-15
Adams,Iowa,2020-05-17
Adair,Iowa,2020-03-17
Whitley,Indiana,2020-03-27
White,Indiana,2020-03-28
Wells,Indiana,2020-03-14
Wayne,Indiana,2020-03-19
Washington,Indiana,2020-03-21
Warrick,Indiana,2020-03-24
Warren,Indiana,2020-03-26
Wabash,Indiana,2020-03-28
Vigo,Indiana,2020-03-20
Vermillion,Indiana,2020-03-28
Vanderburgh,Indiana,2020-03-20
Union,Indiana,2020-04-04
Tipton,Indiana,2020-03-22
Tippecanoe,Indiana,2020-03-19
Monroe,Indiana,2020-03-22
Martin,Indiana,2020-04-04
Bartholomew,Indiana,2020-03-16
Gibson,Indiana,2020-03-24
Franklin,Indiana,2020-03-17
Fountain,Indiana,2020-03-26
Floyd,Indiana,2020-03-16
Fayette,Indiana,2020-03-18
Elkhart,Indiana,2020-03-21
Dubois,Indiana,2020-03-23
Delaware,Indiana,2020-03-21
Decatur,Indiana,2020-03-24
Dearborn,Indiana,2020-03-24
DeKalb,Indiana,2020-03-25
Daviess,Indiana,2020-04-05
Crawford,Indiana,2020-03-28
Clinton,Indiana,2020-03-27
Clay,Indiana,2020-03-29
Clark,Indiana,2020-03-18
Cass,Indiana,2020-03-31
Carroll,Indiana,2020-03-27
Brown,Indiana,2020-03-24
Boone,Indiana,2020-03-10
Blackford,Indiana,2020-04-02
Benton,Indiana,2020-04-12
Fulton,Indiana,2020-03-27
Grant,Indiana,2020-03-20
Marshall,Indiana,2020-03-26
Greene,Indiana,2020-03-29
Marion,Indiana,2020-03-06
Madison,Indiana,2020-03-18
Lawrence,Indiana,2020-03-24
Lake,Indiana,2020-03-17
LaPorte,Indiana,2020-03-14
LaGrange,Indiana,2020-03-27
Kosciusko,Indiana,2020-03-27
Knox,Indiana,2020-03-29
Johnson,Indiana,2020-03-11
Jennings,Indiana,2020-03-18
Jefferson,Indiana,2020-03-31
Jay,Indiana,2020-04-01
Jasper,Indiana,2020-03-25
Jackson,Indiana,2020-03-24
Huntington,Indiana,2020-03-27
Howard,Indiana,2020-03-11
Henry,Indiana,2020-03-27
Hendricks,Indiana,2020-03-08
Harrison,Indiana,2020-03-21
Hancock,Indiana,2020-03-21
Hamilton,Indiana,2020-03-15
Bureau,Illinois,2020-03-27
Brown,Illinois,2020-05-01
Boone,Illinois,2020-04-05
Laurens,Georgia,2020-03-19
Lamar,Georgia,2020-03-20
Jones,Georgia,2020-03-25
Johnson,Georgia,2020-03-30
Jenkins,Georgia,2020-03-28
Jefferson,Georgia,2020-03-30
Jeff Davis,Georgia,2020-04-06
Jasper,Georgia,2020-03-24
Jackson,Georgia,2020-03-25
Irwin,Georgia,2020-03-24
Houston,Georgia,2020-03-18
Henry,Georgia,2020-03-13
Heard,Georgia,2020-03-20
Hart,Georgia,2020-03-27
Harris,Georgia,2020-03-23
Haralson,Georgia,2020-03-26
Hancock,Georgia,2020-04-07
Hall,Georgia,2020-03-16
Habersham,Georgia,2020-03-27
Gwinnett,Georgia,2020-03-07
Greene,Georgia,2020-03-24
Grady,Georgia,2020-03-31
Lanier,Georgia,2020-04-01
Lee,Georgia,2020-03-11
Glynn,Georgia,2020-03-19
Liberty,Georgia,2020-03-23
Paulding,Georgia,2020-03-16
Oglethorpe,Georgia,2020-03-31
Oconee,Georgia,2020-03-20
Newton,Georgia,2020-03-15
Muscogee,Georgia,2020-03-20
Murray,Georgia,2020-03-28
Morgan,Georgia,2020-03-23
Montgomery,Georgia,2020-04-11
Monroe,Georgia,2020-03-20
Mitchell,Georgia,2020-03-24
Miller,Georgia,2020-03-20
Meriwether,Georgia,2020-03-24
McIntosh,Georgia,2020-03-30
McDuffie,Georgia,2020-03-26
Marion,Georgia,2020-04-03
Madison,Georgia,2020-03-23
Macon,Georgia,2020-03-24
Lumpkin,Georgia,2020-03-21
Lowndes,Georgia,2020-03-11
Long,Georgia,2020-03-25
Lincoln,Georgia,2020-03-20
Gordon,Georgia,2020-03-13
Glascock,Georgia,2020-05-07
Bond,Illinois,2020-03-29
Cook,Georgia,2020-03-30
Colquitt,Georgia,2020-03-24
Coffee,Georgia,2020-03-22
Cobb,Georgia,2020-03-07
Clinch,Georgia,2020-03-22
Clayton,Georgia,2020-03-15
Clay,Georgia,2020-03-30
Clarke,Georgia,2020-03-15
Cherokee,Georgia,2020-03-08
Chattooga,Georgia,2020-03-22
Chattahoochee,Georgia,2020-03-27
Chatham,Georgia,2020-03-20
Charlton,Georgia,2020-03-10
Catoosa,Georgia,2020-03-23
Carroll,Georgia,2020-03-20
Candler,Georgia,2020-03-29
Camden,Georgia,2020-03-24
Calhoun,Georgia,2020-03-26
Butts,Georgia,2020-03-22
Burke,Georgia,2020-03-23
Bulloch,Georgia,2020-03-28
Bryan,Georgia,2020-03-24
Columbia,Georgia,2020-03-18
Coweta,Georgia,2020-03-14
Gilmer,Georgia,2020-03-30
Crawford,Georgia,2020-04-05
Fulton,Georgia,2020-03-02
Franklin,Georgia,2020-03-26
Forsyth,Georgia,2020-03-16
Floyd,Georgia,2020-03-09
Fayette,Georgia,2020-03-09
Fannin,Georgia,2020-03-24
Evans,Georgia,2020-04-12
Emanuel,Georgia,2020-03-31
Elbert,Georgia,2020-04-03
Effingham,Georgia,2020-03-19
Echols,Georgia,2020-04-06
Early,Georgia,2020-03-19
Douglas,Georgia,2020-03-20
Dougherty,Georgia,2020-03-15
Dooly,Georgia,2020-03-30
Dodge,Georgia,2020-03-25
Decatur,Georgia,2020-03-25
DeKalb,Georgia,2020-03-09
Dawson,Georgia,2020-03-20
Dade,Georgia,2020-03-30
Crisp,Georgia,2020-03-24
Peach,Georgia,2020-03-19
Pickens,Georgia,2020-03-20
Pierce,Georgia,2020-03-23
Fremont,Idaho,2020-03-25
Elmore,Idaho,2020-03-30
Custer,Idaho,2020-03-26
Clearwater,Idaho,2020-06-26
Cassia,Idaho,2020-03-24
Caribou,Idaho,2020-04-04
Canyon,Idaho,2020-03-20
Camas,Idaho,2020-03-31
Boundary,Idaho,2020-06-26
Bonneville,Idaho,2020-03-28
Bonner,Idaho,2020-03-30
Boise,Idaho,2020-06-25
Blaine,Idaho,2020-03-14
Bingham,Idaho,2020-03-20
Benewah,Idaho,2020-05-25
Bear Lake,Idaho,2020-06-30
Bannock,Idaho,2020-03-24
Adams,Idaho,2020-03-31
Ada,Idaho,2020-03-13
Unknown,Hawaii,2020-03-23
Maui,Hawaii,2020-03-15
Kauai,Hawaii,2020-03-14
Franklin,Idaho,2020-05-29
Gem,Idaho,2020-03-27
Pike,Georgia,2020-03-28
Gooding,Idaho,2020-04-01
Alexander,Illinois,2020-04-16
Adams,Illinois,2020-03-20
Washington,Idaho,2020-04-02
Valley,Idaho,2020-03-22
Twin Falls,Idaho,2020-03-18
Teton,Idaho,2020-03-14
Shoshone,Idaho,2020-07-03
Power,Idaho,2020-04-07
Payette,Idaho,2020-03-25
Owyhee,Idaho,2020-03-29
Oneida,Idaho,2020-06-30
Nez Perce,Idaho,2020-03-25
Minidoka,Idaho,2020-03-30
Madison,Idaho,2020-03-17
Lincoln,Idaho,2020-03-28
Lemhi,Idaho,2020-04-25
Latah,Idaho,2020-04-01
Kootenai,Idaho,2020-03-20
Jerome,Idaho,2020-03-30
Jefferson,Idaho,2020-03-25
Idaho,Idaho,2020-03-25
Honolulu,Hawaii,2020-03-06
Hawaii,Hawaii,2020-03-17
Unknown,Guam,2020-03-15
Worth,Georgia,2020-03-20
Terrell,Georgia,2020-03-20
Telfair,Georgia,2020-04-02
Taylor,Georgia,2020-03-25
Tattnall,Georgia,2020-03-22
Taliaferro,Georgia,2020-05-03
Talbot,Georgia,2020-03-30
Sumter,Georgia,2020-03-20
Stewart,Georgia,2020-03-31
Stephens,Georgia,2020-03-24
Spalding,Georgia,2020-03-20
Seminole,Georgia,2020-03-24
Screven,Georgia,2020-03-31
Schley,Georgia,2020-03-30
Rockdale,Georgia,2020-03-19
Richmond,Georgia,2020-03-17
Randolph,Georgia,2020-03-20
Rabun,Georgia,2020-03-31
Quitman,Georgia,2020-04-03
Putnam,Georgia,2020-04-01
Pulaski,Georgia,2020-03-24
Polk,Georgia,2020-03-06
Thomas,Georgia,2020-03-25
Tift,Georgia,2020-03-20
Toombs,Georgia,2020-03-26
Warren,Georgia,2020-03-30
Wilkinson,Georgia,2020-03-31
Wilkes,Georgia,2020-03-25
Wilcox,Georgia,2020-03-31
Whitfield,Georgia,2020-03-17
White,Georgia,2020-03-25
Wheeler,Georgia,2020-03-28
Webster,Georgia,2020-03-31
Wayne,Georgia,2020-04-04
Washington,Georgia,2020-03-23
Ware,Georgia,2020-03-25
Towns,Georgia,2020-04-03
Walton,Georgia,2020-03-28
Walker,Georgia,2020-03-31
Upson,Georgia,2020-03-27
Unknown,Georgia,2020-03-20
Union,Georgia,2020-04-01
Twiggs,Georgia,2020-03-22
Turner,Georgia,2020-03-20
Troup,Georgia,2020-03-16
Treutlen,Georgia,2020-04-06
Vernon,Missouri,2020-04-09
Butler,Iowa,2020-03-27
Washington,Missouri,2020-04-08
Gregg,Texas,2020-03-11
Gray,Texas,2020-04-01
Gonzales,Texas,2020-04-01
Goliad,Texas,2020-04-02
Glasscock,Texas,2020-04-30
Gillespie,Texas,2020-04-02
Garza,Texas,2020-04-30
Galveston,Texas,2020-03-13
Gaines,Texas,2020-03-25
Frio,Texas,2020-04-08
Freestone,Texas,2020-04-15
Franklin,Texas,2020-03-29
Fort Bend,Texas,2020-03-04
Foard,Texas,2020-07-10
Floyd,Texas,2020-04-08
Fisher,Texas,2020-05-15
Fayette,Texas,2020-03-25
Fannin,Texas,2020-03-20
Falls,Texas,2020-03-24
Erath,Texas,2020-03-25
Ellis,Texas,2020-03-17
El Paso,Texas,2020-03-13
Grayson,Texas,2020-03-24
Grimes,Texas,2020-03-25
Ector,Texas,2020-03-29
Guadalupe,Texas,2020-03-25
Hudspeth,Texas,2020-05-26
Howard,Texas,2020-04-10
Houston,Texas,2020-04-19
Hopkins,Texas,2020-03-25
Hood,Texas,2020-03-27
Hockley,Texas,2020-03-20
Hill,Texas,2020-03-30
Hidalgo,Texas,2020-03-24
Henderson,Texas,2020-03-29
Hemphill,Texas,2020-04-04
Hays,Texas,2020-03-14
Haskell,Texas,2020-05-15
Hartley,Texas,2020-04-20
Harrison,Texas,2020-03-27
Harris,Texas,2020-03-05
Hardin,Texas,2020-03-25
Hardeman,Texas,2020-05-23
Hansford,Texas,2020-04-07
Hamilton,Texas,2020-04-07
Hall,Texas,2020-05-20
Hale,Texas,2020-03-25
Edwards,Texas,2020-06-25
Eastland,Texas,2020-03-25
Hutchinson,Texas,2020-04-04
Coleman,Texas,2020-05-02
Cochran,Texas,2020-04-23
Clay,Texas,2020-04-01
Childress,Texas,2020-04-19
Cherokee,Texas,2020-03-27
Chambers,Texas,2020-03-24
Castro,Texas,2020-03-21
Cass,Texas,2020-03-20
Carson,Texas,2020-04-18
Camp,Texas,2020-04-01
Cameron,Texas,2020-03-19
Callahan,Texas,2020-04-07
Calhoun,Texas,2020-03-26
Caldwell,Texas,2020-03-28
Burnet,Texas,2020-03-25
Burleson,Texas,2020-03-28
Brown,Texas,2020-03-20
Brooks,Texas,2020-04-22
Briscoe,Texas,2020-05-02
Brewster,Texas,2020-05-01
Brazos,Texas,2020-03-17
Brazoria,Texas,2020-03-14
Coke,Texas,2020-05-05
Collin,Texas,2020-03-09
Duval,Texas,2020-04-14
Collingsworth,Texas,2020-05-05
Donley,Texas,2020-04-02
Dimmit,Texas,2020-04-11
Dickens,Texas,2020-04-08
Denton,Texas,2020-03-15
Delta,Texas,2020-04-08
Deaf Smith,Texas,2020-03-21
DeWitt,Texas,2020-03-19
Dawson,Texas,2020-03-29
Dallas,Texas,2020-03-10
Dallam,Texas,2020-04-07
Culberson,Texas,2020-06-20
Crosby,Texas,2020-04-07
Crockett,Texas,2020-06-05
Crane,Texas,2020-03-19
Cottle,Texas,2020-04-27
Coryell,Texas,2020-03-25
Cooke,Texas,2020-04-10
Concho,Texas,2020-04-10
Comanche,Texas,2020-04-01
Comal,Texas,2020-03-24
Colorado,Texas,2020-04-01
Hunt,Texas,2020-03-25
Irion,Texas,2020-06-02
Bosque,Texas,2020-04-15
Red River,Texas,2020-04-16
Reagan,Texas,2020-05-27
Randall,Texas,2020-03-27
Rains,Texas,2020-04-10
Presidio,Texas,2020-05-25
Potter,Texas,2020-03-21
Polk,Texas,2020-03-29
Pecos,Texas,2020-04-06
Parmer,Texas,2020-04-19
Parker,Texas,2020-03-24
Panola,Texas,2020-04-02
Palo Pinto,Texas,2020-04-02
Orange,Texas,2020-03-25
Oldham,Texas,2020-03-21
Ochiltree,Texas,2020-04-24
Nueces,Texas,2020-03-24
Nolan,Texas,2020-04-24
Newton,Texas,2020-04-01
Navarro,Texas,2020-03-27
Nacogdoches,Texas,2020-03-26
Motley,Texas,2020-04-13
Morris,Texas,2020-03-23
Real,Texas,2020-06-05
Reeves,Texas,2020-05-08
Montgomery,Texas,2020-03-10
Refugio,Texas,2020-05-04
Swisher,Texas,2020-03-29
Sutton,Texas,2020-06-19
Stephens,Texas,2020-04-10
Starr,Texas,2020-03-27
Somervell,Texas,2020-06-09
Smith,Texas,2020-03-13
Sherman,Texas,2020-04-16
Shelby,Texas,2020-03-27
Shackelford,Texas,2020-05-07
Scurry,Texas,2020-04-09
Schleicher,Texas,2020-06-13
San Saba,Texas,2020-05-19
San Patricio,Texas,2020-03-25
San Jacinto,Texas,2020-03-29
San Augustine,Texas,2020-04-01
Sabine,Texas,2020-04-09
Rusk,Texas,2020-03-18
Runnels,Texas,2020-04-28
Rockwall,Texas,2020-03-26
Robertson,Texas,2020-03-25
Roberts,Texas,2020-04-16
Moore,Texas,2020-03-30
Montague,Texas,2020-03-27
Jack,Texas,2020-04-09
Lavaca,Texas,2020-03-18
Lamb,Texas,2020-03-28
Lamar,Texas,2020-03-25
La Salle,Texas,2020-04-16
Knox,Texas,2020-04-07
Kleberg,Texas,2020-03-29
Kinney,Texas,2020-05-30
Kimble,Texas,2020-05-08
Kerr,Texas,2020-04-01
Kent,Texas,2020-07-14
Kenedy,Texas,2020-07-03
Kendall,Texas,2020-03-25
Kaufman,Texas,2020-03-25
Karnes,Texas,2020-03-26
Jones,Texas,2020-04-08
Johnson,Texas,2020-03-19
Jim Wells,Texas,2020-04-02
Jim Hogg,Texas,2020-04-23
Jefferson,Texas,2020-03-24
Jeff Davis,Texas,2020-06-26
Jasper,Texas,2020-04-02
Jackson,Texas,2020-03-26
Lampasas,Texas,2020-04-03
Lee,Texas,2020-04-02
Mitchell,Texas,2020-04-07
Leon,Texas,2020-03-30
Mills,Texas,2020-05-19
Milam,Texas,2020-03-25
Midland,Texas,2020-03-21
Menard,Texas,2020-06-22
Medina,Texas,2020-03-18
McMullen,Texas,2020-07-14
McLennan,Texas,2020-03-18
McCulloch,Texas,2020-04-09
Maverick,Texas,2020-03-25
Matagorda,Texas,2020-03-16
Mason,Texas,2020-04-04
Martin,Texas,2020-03-26
Marion,Texas,2020-04-16
Madison,Texas,2020-04-09
Lynn,Texas,2020-03-28
Lubbock,Texas,2020-03-17
Llano,Texas,2020-03-25
Live Oak,Texas,2020-04-01
Lipscomb,Texas,2020-04-28
Limestone,Texas,2020-03-25
Liberty,Texas,2020-03-25
Bowie,Texas,2020-03-16
Blanco,Texas,2020-03-25
Taylor,Texas,2020-03-27
Oglala Lakota,South Dakota,2020-04-08
Minnehaha,South Dakota,2020-03-10
Miner,South Dakota,2020-04-10
Mellette,South Dakota,2020-06-13
Meade,South Dakota,2020-03-25
McPherson,South Dakota,2020-04-25
McCook,South Dakota,2020-03-13
Marshall,South Dakota,2020-03-30
Lyman,South Dakota,2020-03-23
Lincoln,South Dakota,2020-03-25
Lawrence,South Dakota,2020-03-27
Lake,South Dakota,2020-04-02
Kingsbury,South Dakota,2020-05-29
Jones,South Dakota,2020-07-08
Jerauld,South Dakota,2020-04-09
Jackson,South Dakota,2020-05-24
Hyde,South Dakota,2020-04-13
Hutchinson,South Dakota,2020-03-28
Hughes,South Dakota,2020-03-23
Hanson,South Dakota,2020-06-03
Hand,South Dakota,2020-04-26
Hamlin,South Dakota,2020-03-28
Moody,South Dakota,2020-04-16
Pennington,South Dakota,2020-03-23
Gregory,South Dakota,2020-05-31
Perkins,South Dakota,2020-07-11
Carroll,Tennessee,2020-03-21
Cannon,Tennessee,2020-03-26
Campbell,Tennessee,2020-03-14
Bradley,Tennessee,2020-03-20
Blount,Tennessee,2020-03-20
Bledsoe,Tennessee,2020-03-28
Benton,Tennessee,2020-03-26
Bedford,Tennessee,2020-03-25
Anderson,Tennessee,2020-03-20
Ziebach,South Dakota,2020-05-06
Yankton,South Dakota,2020-03-28
Walworth,South Dakota,2020-04-12
Union,South Dakota,2020-03-27
Turner,South Dakota,2020-03-29
Tripp,South Dakota,2020-05-14
Todd,South Dakota,2020-03-27
Sully,South Dakota,2020-04-12
Stanley,South Dakota,2020-04-24
Spink,South Dakota,2020-04-02
Sanborn,South Dakota,2020-04-11
Roberts,South Dakota,2020-03-29
Haakon,South Dakota,2020-07-06
Grant,South Dakota,2020-05-06
Cheatham,Tennessee,2020-03-18
York,South Carolina,2020-03-17
Union,South Carolina,2020-03-25
Sumter,South Carolina,2020-03-20
Spartanburg,South Carolina,2020-03-08
Saluda,South Carolina,2020-03-19
Richland,South Carolina,2020-03-17
Pickens,South Carolina,2020-03-20
Orangeburg,South Carolina,2020-03-20
Oconee,South Carolina,2020-03-23
Newberry,South Carolina,2020-03-21
McCormick,South Carolina,2020-04-02
Marlboro,South Carolina,2020-03-21
Marion,South Carolina,2020-03-25
Lexington,South Carolina,2020-03-14
Lee,South Carolina,2020-03-18
Laurens,South Carolina,2020-03-28
Lancaster,South Carolina,2020-03-11
Kershaw,South Carolina,2020-03-06
Jasper,South Carolina,2020-03-21
Horry,South Carolina,2020-03-15
Hampton,South Carolina,2020-04-02
Greenwood,South Carolina,2020-03-21
Williamsburg,South Carolina,2020-03-25
Aurora,South Dakota,2020-03-27
Faulk,South Dakota,2020-03-27
Beadle,South Dakota,2020-03-10
Fall River,South Dakota,2020-03-29
Edmunds,South Dakota,2020-05-29
Douglas,South Dakota,2020-04-27
Dewey,South Dakota,2020-06-06
Deuel,South Dakota,2020-03-28
Day,South Dakota,2020-04-29
Davison,South Dakota,2020-03-10
Custer,South Dakota,2020-06-04
Corson,South Dakota,2020-04-09
Codington,South Dakota,2020-03-23
Clay,South Dakota,2020-03-29
Clark,South Dakota,2020-03-29
Charles Mix,South Dakota,2020-03-10
Campbell,South Dakota,2020-07-03
Butte,South Dakota,2020-07-08
Buffalo,South Dakota,2020-04-28
Brule,South Dakota,2020-06-03
Brown,South Dakota,2020-03-22
Brookings,South Dakota,2020-03-24
Bon Homme,South Dakota,2020-03-11
Bennett,South Dakota,2020-06-15
Carter,Tennessee,2020-03-28
Chester,Tennessee,2020-03-22
Bexar,Texas,2020-02-12
Unicoi,Tennessee,2020-03-26
Tipton,Tennessee,2020-03-20
Sumner,Tennessee,2020-03-18
Sullivan,Tennessee,2020-03-10
Stewart,Tennessee,2020-04-04
Smith,Tennessee,2020-03-27
Shelby,Tennessee,2020-03-08
Sevier,Tennessee,2020-03-16
Sequatchie,Tennessee,2020-04-01
Scott,Tennessee,2020-03-21
Rutherford,Tennessee,2020-03-13
Robertson,Tennessee,2020-03-18
Roane,Tennessee,2020-03-21
Rhea,Tennessee,2020-04-17
Putnam,Tennessee,2020-03-21
Polk,Tennessee,2020-04-02
Pickett,Tennessee,2020-05-10
Perry,Tennessee,2020-03-22
Overton,Tennessee,2020-03-24
Obion,Tennessee,2020-03-29
Morgan,Tennessee,2020-03-28
Moore,Tennessee,2020-04-15
Trousdale,Tennessee,2020-03-28
Union,Tennessee,2020-03-28
Monroe,Tennessee,2020-03-21
Van Buren,Tennessee,2020-04-13
Bell,Texas,2020-03-13
Bee,Texas,2020-04-08
Baylor,Texas,2020-06-05
Bastrop,Texas,2020-03-21
Bandera,Texas,2020-04-09
Bailey,Texas,2020-05-05
Austin,Texas,2020-03-25
Atascosa,Texas,2020-03-25
Armstrong,Texas,2020-04-14
Archer,Texas,2020-05-15
Aransas,Texas,2020-04-05
Angelina,Texas,2020-03-26
Andrews,Texas,2020-04-04
Anderson,Texas,2020-04-01
Wilson,Tennessee,2020-03-19
Williamson,Tennessee,2020-03-05
White,Tennessee,2020-03-25
Weakley,Tennessee,2020-03-28
Wayne,Tennessee,2020-03-30
Washington,Tennessee,2020-03-19
Warren,Tennessee,2020-03-30
Montgomery,Tennessee,2020-03-19
Meigs,Tennessee,2020-03-26
Claiborne,Tennessee,2020-03-24
Hardin,Tennessee,2020-03-24
Hancock,Tennessee,2020-05-19
Hamilton,Tennessee,2020-03-13
Hamblen,Tennessee,2020-03-20
Grundy,Tennessee,2020-03-24
Greene,Tennessee,2020-03-20
Grainger,Tennessee,2020-04-01
Giles,Tennessee,2020-03-30
Gibson,Tennessee,2020-03-22
Franklin,Tennessee,2020-03-22
Fentress,Tennessee,2020-03-30
Fayette,Tennessee,2020-03-21
Dyer,Tennessee,2020-03-19
Dickson,Tennessee,2020-03-20
Decatur,Tennessee,2020-04-08
DeKalb,Tennessee,2020-03-24
Davidson,Tennessee,2020-03-08
Cumberland,Tennessee,2020-03-19
Crockett,Tennessee,2020-04-18
Coffee,Tennessee,2020-03-29
Cocke,Tennessee,2020-03-21
Clay,Tennessee,2020-04-01
Hardeman,Tennessee,2020-03-28
Hawkins,Tennessee,2020-03-25
McNairy,Tennessee,2020-03-29
Haywood,Tennessee,2020-03-29
McMinn,Tennessee,2020-03-22
Maury,Tennessee,2020-03-20
Marshall,Tennessee,2020-03-30
Marion,Tennessee,2020-03-22
Madison,Tennessee,2020-03-24
Macon,Tennessee,2020-03-26
Loudon,Tennessee,2020-03-22
Lincoln,Tennessee,2020-03-24
Lewis,Tennessee,2020-03-25
Lawrence,Tennessee,2020-03-30
Lauderdale,Tennessee,2020-04-01
Lake,Tennessee,2020-04-13
Knox,Tennessee,2020-03-12
Johnson,Tennessee,2020-03-28
Jefferson,Tennessee,2020-03-13
Jackson,Tennessee,2020-04-02
Humphreys,Tennessee,2020-03-31
Houston,Tennessee,2020-03-22
Hickman,Tennessee,2020-04-01
Henry,Tennessee,2020-03-29
Henderson,Tennessee,2020-04-05
Tarrant,Texas,2020-03-10
Terrell,Texas,2020-06-23
Georgetown,South Carolina,2020-03-23
McDowell,West Virginia,2020-04-07
Marshall,West Virginia,2020-03-21
Marion,West Virginia,2020-03-25
Logan,West Virginia,2020-03-25
Lincoln,West Virginia,2020-04-14
Lewis,West Virginia,2020-04-06
Kanawha,West Virginia,2020-03-20
Jefferson,West Virginia,2020-03-17
Jackson,West Virginia,2020-03-20
Harrison,West Virginia,2020-03-24
Hardy,West Virginia,2020-03-31
Hancock,West Virginia,2020-03-27
Hampshire,West Virginia,2020-04-08
Greenbrier,West Virginia,2020-03-27
Grant,West Virginia,2020-04-12
Gilmer,West Virginia,2020-04-25
Fayette,West Virginia,2020-04-07
Clay,West Virginia,2020-05-06
Calhoun,West Virginia,2020-04-26
Cabell,West Virginia,2020-03-29
Brooke,West Virginia,2020-04-07
Braxton,West Virginia,2020-04-08
Mason,West Virginia,2020-03-26
Mercer,West Virginia,2020-03-18
Berkeley,West Virginia,2020-03-24
Mineral,West Virginia,2020-04-03
Wayne,West Virginia,2020-04-09
Upshur,West Virginia,2020-03-26
Tyler,West Virginia,2020-04-07
Tucker,West Virginia,2020-03-19
Taylor,West Virginia,2020-04-06
Summers,West Virginia,2020-04-11
Roane,West Virginia,2020-03-30
Ritchie,West Virginia,2020-05-03
Randolph,West Virginia,2020-03-30
Raleigh,West Virginia,2020-03-25
Putnam,West Virginia,2020-03-21
Preston,West Virginia,2020-03-24
Pocahontas,West Virginia,2020-04-27
Pleasants,West Virginia,2020-03-27
Pendleton,West Virginia,2020-04-02
Ohio,West Virginia,2020-03-25
Nicholas,West Virginia,2020-04-07
Morgan,West Virginia,2020-03-29
Monroe,West Virginia,2020-04-11
Monongalia,West Virginia,2020-03-19
Mingo,West Virginia,2020-04-12
Boone,West Virginia,2020-04-08
Barbour,West Virginia,2020-04-01
Wetzel,West Virginia,2020-03-29
Island,Washington,2020-03-11
Grant,Washington,2020-03-13
Garfield,Washington,2020-07-12
Franklin,Washington,2020-03-17
Ferry,Washington,2020-03-25
Douglas,Washington,2020-03-23
Cowlitz,Washington,2020-03-20
Columbia,Washington,2020-03-12
Clark,Washington,2020-03-06
Clallam,Washington,2020-03-19
Chelan,Washington,2020-03-04
Benton,Washington,2020-03-18
Asotin,Washington,2020-04-03
Adams,Washington,2020-03-23
York,Virginia,2020-03-16
Wythe,Virginia,2020-03-29
Wise,Virginia,2020-04-03
Winchester city,Virginia,2020-03-29
Williamsburg city,Virginia,2020-03-17
Westmoreland,Virginia,2020-04-03
Waynesboro city,Virginia,2020-03-31
Washington,Virginia,2020-03-26
Grays Harbor,Washington,2020-03-12
Jefferson,Washington,2020-03-06
Yakima,Washington,2020-03-12
King,Washington,2020-02-28
Whitman,Washington,2020-03-22
Whatcom,Washington,2020-03-10
Walla Walla,Washington,2020-03-02
Wahkiakum,Washington,2020-04-04
Thurston,Washington,2020-03-11
Stevens,Washington,2020-03-20
Spokane,Washington,2020-02-24
Snohomish,Washington,2020-01-21
Skamania,Washington,2020-03-27
Skagit,Washington,2020-03-10
San Juan,Washington,2020-03-20
Pierce,Washington,2020-03-06
Pend Oreille,Washington,2020-04-02
Pacific,Washington,2020-04-10
Okanogan,Washington,2020-03-25
Mason,Washington,2020-03-17
Lincoln,Washington,2020-03-15
Lewis,Washington,2020-03-15
Klickitat,Washington,2020-03-14
Kittitas,Washington,2020-03-07
Kitsap,Washington,2020-03-08
Webster,West Virginia,2020-07-06
Wirt,West Virginia,2020-03-29
Virginia Beach city,Virginia,2020-03-09
Winnebago,Wisconsin,2020-03-14
Waupaca,Wisconsin,2020-03-27
Waukesha,Wisconsin,2020-03-11
Washington,Wisconsin,2020-03-18
Washburn,Wisconsin,2020-04-14
Walworth,Wisconsin,2020-03-19
Vilas,Wisconsin,2020-03-26
Vernon,Wisconsin,2020-04-24
Unknown,Wisconsin,2020-06-10
Trempealeau,Wisconsin,2020-04-02
Taylor,Wisconsin,2020-05-21
St. Croix,Wisconsin,2020-03-20
Sheboygan,Wisconsin,2020-03-13
Shawano,Wisconsin,2020-04-04
Sawyer,Wisconsin,2020-04-09
Sauk,Wisconsin,2020-03-19
Rusk,Wisconsin,2020-04-03
Rock,Wisconsin,2020-03-20
Richland,Wisconsin,2020-03-27
Racine,Wisconsin,2020-03-13
Price,Wisconsin,2020-04-11
Portage,Wisconsin,2020-03-26
Waushara,Wisconsin,2020-04-06
Wood,Wisconsin,2020-03-16
Pierce,Wisconsin,2020-03-09
Albany,Wyoming,2020-03-25
Wayne,Missouri,2020-06-20
Uinta,Wyoming,2020-04-02
Teton,Wyoming,2020-03-18
Sweetwater,Wyoming,2020-03-24
Sublette,Wyoming,2020-03-28
Sheridan,Wyoming,2020-03-11
Platte,Wyoming,2020-05-21
Park,Wyoming,2020-03-17
Niobrara,Wyoming,2020-04-10
Natrona,Wyoming,2020-03-20
Lincoln,Wyoming,2020-04-03
Laramie,Wyoming,2020-03-17
Johnson,Wyoming,2020-03-26
Hot Springs,Wyoming,2020-03-26
Goshen,Wyoming,2020-03-27
Fremont,Wyoming,2020-03-13
Crook,Wyoming,2020-04-04
Converse,Wyoming,2020-03-28
Carbon,Wyoming,2020-03-21
Campbell,Wyoming,2020-03-20
Big Horn,Wyoming,2020-04-12
Polk,Wisconsin,2020-04-10
Pepin,Wisconsin,2020-05-14
Wood,West Virginia,2020-03-24
Grant,Wisconsin,2020-03-25
Fond du Lac,Wisconsin,2020-03-11
Florence,Wisconsin,2020-04-05
Eau Claire,Wisconsin,2020-03-19
Dunn,Wisconsin,2020-03-20
Douglas,Wisconsin,2020-03-20
Door,Wisconsin,2020-03-30
Dodge,Wisconsin,2020-03-23
Dane,Wisconsin,2020-02-05
Crawford,Wisconsin,2020-04-01
Columbia,Wisconsin,2020-03-19
Clark,Wisconsin,2020-03-26
Chippewa,Wisconsin,2020-03-20
Calumet,Wisconsin,2020-03-19
Burnett,Wisconsin,2020-05-14
Buffalo,Wisconsin,2020-03-31
Brown,Wisconsin,2020-03-18
Bayfield,Wisconsin,2020-03-19
Barron,Wisconsin,2020-04-03
Ashland,Wisconsin,2020-03-31
Adams,Wisconsin,2020-04-02
Wyoming,West Virginia,2020-04-07
Forest,Wisconsin,2020-05-06
Green,Wisconsin,2020-03-20
Ozaukee,Wisconsin,2020-03-19
Green Lake,Wisconsin,2020-04-13
Outagamie,Wisconsin,2020-03-16
Oneida,Wisconsin,2020-03-28
Oconto,Wisconsin,2020-03-31
Monroe,Wisconsin,2020-03-25
Milwaukee,Wisconsin,2020-03-13
Menominee,Wisconsin,2020-04-01
Marquette,Wisconsin,2020-03-30
Marinette,Wisconsin,2020-03-27
Marathon,Wisconsin,2020-03-20
Manitowoc,Wisconsin,2020-04-04
Lincoln,Wisconsin,2020-05-01
Langlade,Wisconsin,2020-05-21
Lafayette,Wisconsin,2020-04-07
La Crosse,Wisconsin,2020-03-18
Kewaunee,Wisconsin,2020-04-06
Kenosha,Wisconsin,2020-03-17
Juneau,Wisconsin,2020-03-25
Jefferson,Wisconsin,2020-03-20
Jackson,Wisconsin,2020-03-30
Iron,Wisconsin,2020-03-27
Iowa,Wisconsin,2020-03-25
Warren,Virginia,2020-03-26
Unknown,Virginia,2020-03-24
Terry,Texas,2020-03-25
Windham,Vermont,2020-03-21
Unknown,Vermont,2020-03-23
Rutland,Vermont,2020-03-20
Orleans,Vermont,2020-03-24
Orange,Vermont,2020-03-16
Lamoille,Vermont,2020-03-25
Grand Isle,Vermont,2020-04-07
Franklin,Vermont,2020-03-21
Essex,Vermont,2020-04-08
Chittenden,Vermont,2020-03-11
Caledonia,Vermont,2020-03-24
Bennington,Vermont,2020-03-07
Addison,Vermont,2020-03-20
Weber,Utah,2020-03-10
Washington,Utah,2020-03-06
Wasatch,Utah,2020-03-16
Utah,Utah,2020-03-15
Unknown,Utah,2020-03-25
Uintah,Utah,2020-03-27
Tooele,Utah,2020-03-16
Summit,Utah,2020-03-14
Sevier,Utah,2020-04-15
Washington,Vermont,2020-03-14
Windsor,Vermont,2020-03-14
San Juan,Utah,2020-03-28
Unknown,Virgin Islands,2020-03-14
Carroll,Virginia,2020-03-31
Caroline,Virginia,2020-04-03
Campbell,Virginia,2020-03-31
Buena Vista city,Virginia,2020-04-03
Buckingham,Virginia,2020-03-31
Buchanan,Virginia,2020-04-07
Brunswick,Virginia,2020-03-31
Bristol city,Virginia,2020-03-27
Botetourt,Virginia,2020-03-21
Bland,Virginia,2020-06-19
Bedford,Virginia,2020-03-22
Bath,Virginia,2020-07-08
Augusta,Virginia,2020-04-01
Arlington,Virginia,2020-03-11
Appomattox,Virginia,2020-04-06
Amherst,Virginia,2020-03-22
Amelia,Virginia,2020-03-26
Alleghany,Virginia,2020-03-29
Alexandria city,Virginia,2020-03-12
Albemarle,Virginia,2020-03-21
Accomack,Virginia,2020-03-20
Sanpete,Utah,2020-04-18
Salt Lake,Utah,2020-02-25
Charlotte,Virginia,2020-04-04
Williamson,Texas,2020-03-18
Wilbarger,Texas,2020-04-14
Wichita,Texas,2020-03-18
Wheeler,Texas,2020-04-22
Wharton,Texas,2020-03-25
Webb,Texas,2020-03-18
Washington,Texas,2020-03-28
Ward,Texas,2020-05-23
Waller,Texas,2020-03-29
Walker,Texas,2020-03-25
Victoria,Texas,2020-03-24
Van Zandt,Texas,2020-03-19
Val Verde,Texas,2020-03-26
Uvalde,Texas,2020-03-27
Upton,Texas,2020-06-19
Upshur,Texas,2020-03-20
Tyler,Texas,2020-04-04
Trinity,Texas,2020-04-04
Travis,Texas,2020-03-13
Tom Green,Texas,2020-03-25
Titus,Texas,2020-04-03
Throckmorton,Texas,2020-07-03
Willacy,Texas,2020-03-27
Wilson,Texas,2020-03-25
Rich,Utah,2020-06-12
Winkler,Texas,2020-04-10
Piute,Utah,2020-05-07
Morgan,Utah,2020-03-26
Millard,Utah,2020-04-03
Kane,Utah,2020-04-02
Juab,Utah,2020-04-03
Iron,Utah,2020-03-23
Grand,Utah,2020-04-03
Garfield,Utah,2020-03-28
Emery,Utah,2020-04-03
Duchesne,Utah,2020-04-03
Davis,Utah,2020-03-06
Carbon,Utah,2020-04-03
Cache,Utah,2020-03-18
Box Elder,Utah,2020-03-18
Beaver,Utah,2020-06-15
Zavala,Texas,2020-04-17
Zapata,Texas,2020-04-06
Young,Texas,2020-03-27
Yoakum,Texas,2020-04-18
Wood,Texas,2020-04-01
Wise,Texas,2020-03-30
Charles City,Virginia,2020-03-18
Charlottesville city,Virginia,2020-03-17
Tazewell,Virginia,2020-03-29
Prince Edward,Virginia,2020-03-12
Portsmouth city,Virginia,2020-03-20
Poquoson city,Virginia,2020-03-26
Pittsylvania,Virginia,2020-03-26
Petersburg city,Virginia,2020-03-30
Patrick,Virginia,2020-04-21
Page,Virginia,2020-03-31
Orange,Virginia,2020-03-25
Nottoway,Virginia,2020-03-25
Norton city,Virginia,2020-04-21
Northumberland,Virginia,2020-03-28
Northampton,Virginia,2020-03-26
Norfolk city,Virginia,2020-03-20
Newport News city,Virginia,2020-03-20
New Kent,Virginia,2020-03-28
Nelson,Virginia,2020-03-25
Montgomery,Virginia,2020-03-28
Middlesex,Virginia,2020-04-09
Mecklenburg,Virginia,2020-03-21
Mathews,Virginia,2020-03-25
Manassas city,Virginia,2020-03-25
Manassas Park city,Virginia,2020-03-29
Powhatan,Virginia,2020-03-28
Prince George,Virginia,2020-03-26
Lynchburg city,Virginia,2020-03-26
Prince William,Virginia,2020-03-12
Sussex,Virginia,2020-04-01
Surry,Virginia,2020-03-31
Suffolk city,Virginia,2020-03-21
Staunton city,Virginia,2020-04-04
Stafford,Virginia,2020-03-16
Spotsylvania,Virginia,2020-03-14
Southampton,Virginia,2020-03-26
Smyth,Virginia,2020-03-30
Shenandoah,Virginia,2020-03-25
Scott,Virginia,2020-04-10
Salem city,Virginia,2020-04-02
Russell,Virginia,2020-04-06
Rockingham,Virginia,2020-03-22
Rockbridge,Virginia,2020-03-23
Roanoke city,Virginia,2020-03-27
Roanoke,Virginia,2020-03-25
Richmond city,Virginia,2020-03-18
Richmond,Virginia,2020-04-03
Rappahannock,Virginia,2020-04-07
Radford city,Virginia,2020-03-26
Pulaski,Virginia,2020-04-03
Madison,Virginia,2020-03-25
Lunenburg,Virginia,2020-04-07
Chesapeake city,Virginia,2020-03-24
Galax city,Virginia,2020-03-27
Frederick,Virginia,2020-03-25
Franklin city,Virginia,2020-03-31
Franklin,Virginia,2020-03-21
Fluvanna,Virginia,2020-03-22
Floyd,Virginia,2020-04-09
Fauquier,Virginia,2020-03-26
Falls Church city,Virginia,2020-04-13
Fairfax city,Virginia,2020-04-10
Fairfax,Virginia,2020-03-07
Essex,Virginia,2020-04-16
Emporia city,Virginia,2020-04-03
Dinwiddie,Virginia,2020-04-07
Dickenson,Virginia,2020-06-16
Danville city,Virginia,2020-03-23
Cumberland,Virginia,2020-04-02
Culpeper,Virginia,2020-03-22
Craig,Virginia,2020-04-07
Covington city,Virginia,2020-05-09
Colonial Heights city,Virginia,2020-04-10
Clarke,Virginia,2020-03-31
Chesterfield,Virginia,2020-03-14
Fredericksburg city,Virginia,2020-03-25
Giles,Virginia,2020-04-06
Louisa,Virginia,2020-03-22
Gloucester,Virginia,2020-03-20
Loudoun,Virginia,2020-03-10
Lexington city,Virginia,2020-04-03
Lee,Virginia,2020-03-22
Lancaster,Virginia,2020-03-28
King and Queen,Virginia,2020-03-31
King William,Virginia,2020-03-30
King George,Virginia,2020-03-26
James City,Virginia,2020-03-12
Isle of Wight,Virginia,2020-03-21
Hopewell city,Virginia,2020-03-28
Highland,Virginia,2020-04-22
Henry,Virginia,2020-03-30
Henrico,Virginia,2020-03-17
Harrisonburg city,Virginia,2020-03-13
Hanover,Virginia,2020-03-12
Hampton city,Virginia,2020-03-26
Halifax,Virginia,2020-03-24
Greensville,Virginia,2020-03-29
Greene,Virginia,2020-03-26
Grayson,Virginia,2020-04-28
Goochland,Virginia,2020-03-17
Greenville,South Carolina,2020-03-15
Washakie,Wyoming,2020-03-27
Florence,South Carolina,2020-03-20
Ashe,North Carolina,2020-04-04
Alleghany,North Carolina,2020-03-29
Alexander,North Carolina,2020-03-30
Alamance,North Carolina,2020-03-23
Yates,New York,2020-04-02
Wyoming,New York,2020-03-17
Westchester,New York,2020-03-04
Wayne,New York,2020-03-19
Washington,New York,2020-03-18
Warren,New York,2020-03-18
Ulster,New York,2020-03-08
Tompkins,New York,2020-03-14
Tioga,New York,2020-03-14
Sullivan,New York,2020-03-17
Suffolk,New York,2020-03-08
Steuben,New York,2020-03-21
St. Lawrence,New York,2020-03-22
Seneca,New York,2020-03-31
Schuyler,New York,2020-03-28
Schoharie,New York,2020-03-19
Schenectady,New York,2020-03-13
Saratoga,New York,2020-03-07
Anson,North Carolina,2020-03-31
Avery,North Carolina,2020-05-19
Rensselaer,New York,2020-03-17
Beaufort,North Carolina,2020-03-26
Dare,North Carolina,2020-04-02
Currituck,North Carolina,2020-03-29
Cumberland,North Carolina,2020-03-22
Craven,North Carolina,2020-03-14
Columbus,North Carolina,2020-03-29
Cleveland,North Carolina,2020-03-25
Clay,North Carolina,2020-03-31
Chowan,North Carolina,2020-04-03
Cherokee,North Carolina,2020-03-22
Chatham,North Carolina,2020-03-06
Catawba,North Carolina,2020-03-21
Caswell,North Carolina,2020-03-29
Carteret,North Carolina,2020-03-20
Camden,North Carolina,2020-04-27
Caldwell,North Carolina,2020-03-25
Cabarrus,North Carolina,2020-03-12
Burke,North Carolina,2020-03-25
Buncombe,North Carolina,2020-03-21
Brunswick,North Carolina,2020-03-14
Bladen,North Carolina,2020-04-03
Bertie,North Carolina,2020-03-25
Rockland,New York,2020-03-06
Putnam,New York,2020-03-15
Davie,North Carolina,2020-03-22
Dutchess,New York,2020-03-12
Cortland,New York,2020-03-22
Columbia,New York,2020-03-20
Clinton,New York,2020-03-17
Chenango,New York,2020-03-18
Chemung,New York,2020-03-24
Chautauqua,New York,2020-03-25
Cayuga,New York,2020-03-23
Cattaraugus,New York,2020-03-28
Broome,New York,2020-03-14
Allegany,New York,2020-03-16
Albany,New York,2020-03-12
Valencia,New Mexico,2020-03-27
Union,New Mexico,2020-04-25
Torrance,New Mexico,2020-03-30
Taos,New Mexico,2020-03-17
Socorro,New Mexico,2020-03-11
Sierra,New Mexico,2020-04-29
Santa Fe,New Mexico,2020-03-11
Sandoval,New Mexico,2020-03-14
San Miguel,New Mexico,2020-03-19
San Juan,New Mexico,2020-03-22
Delaware,New York,2020-03-12
Erie,New York,2020-03-15
Otsego,New York,2020-03-23
Essex,New York,2020-03-18
Oswego,New York,2020-03-23
Orleans,New York,2020-03-24
Orange,New York,2020-03-12
Ontario,New York,2020-03-16
Onondaga,New York,2020-03-16
Oneida,New York,2020-03-20
Niagara,New York,2020-03-20
New York City,New York,2020-03-01
Nassau,New York,2020-03-05
Montgomery,New York,2020-03-15
Monroe,New York,2020-03-11
Madison,New York,2020-03-22
Livingston,New York,2020-03-18
Lewis,New York,2020-03-29
Jefferson,New York,2020-03-18
Herkimer,New York,2020-03-12
Hamilton,New York,2020-03-18
Greene,New York,2020-03-15
Genesee,New York,2020-03-20
Fulton,New York,2020-03-20
Franklin,New York,2020-03-25
Davidson,North Carolina,2020-03-20
Duplin,North Carolina,2020-03-25
Mountrail,North Dakota,2020-03-28
Bowman,North Dakota,2020-04-07
Billings,North Dakota,2020-06-20
Benson,North Dakota,2020-05-07
Barnes,North Dakota,2020-03-28
Yancey,North Carolina,2020-05-03
Yadkin,North Carolina,2020-03-29
Wilson,North Carolina,2020-03-15
Wilkes,North Carolina,2020-03-31
Wayne,North Carolina,2020-03-13
Watauga,North Carolina,2020-03-15
Washington,North Carolina,2020-03-29
Warren,North Carolina,2020-04-04
Wake,North Carolina,2020-03-03
Vance,North Carolina,2020-03-23
Union,North Carolina,2020-03-22
Tyrrell,North Carolina,2020-04-14
Transylvania,North Carolina,2020-03-24
Swain,North Carolina,2020-04-29
Surry,North Carolina,2020-03-27
Stokes,North Carolina,2020-04-02
Stanly,North Carolina,2020-03-20
Scotland,North Carolina,2020-03-22
Bottineau,North Dakota,2020-05-19
Burke,North Dakota,2020-04-01
Rutherford,North Carolina,2020-03-30
Burleigh,North Dakota,2020-03-17
Mercer,North Dakota,2020-05-05
McLean,North Dakota,2020-03-28
McKenzie,North Dakota,2020-03-31
McIntosh,North Dakota,2020-03-26
McHenry,North Dakota,2020-03-26
Logan,North Dakota,2020-07-08
LaMoure,North Dakota,2020-06-06
Kidder,North Dakota,2020-06-09
Hettinger,North Dakota,2020-06-26
Griggs,North Dakota,2020-05-22
Grant,North Dakota,2020-03-31
Grand Forks,North Dakota,2020-03-30
Golden Valley,North Dakota,2020-07-14
Foster,North Dakota,2020-03-25
Emmons,North Dakota,2020-04-05
Eddy,North Dakota,2020-04-03
Dunn,North Dakota,2020-03-24
Divide,North Dakota,2020-03-28
Dickey,North Dakota,2020-06-02
Cavalier,North Dakota,2020-06-20
Cass,North Dakota,2020-03-17
Sampson,North Carolina,2020-03-17
Rowan,North Carolina,2020-03-20
Durham,North Carolina,2020-03-16
Lincoln,North Carolina,2020-03-18
Lee,North Carolina,2020-03-22
Jones,North Carolina,2020-04-09
Johnston,North Carolina,2020-03-12
Jackson,North Carolina,2020-04-13
Iredell,North Carolina,2020-03-17
Hyde,North Carolina,2020-04-29
Hoke,North Carolina,2020-03-18
Hertford,North Carolina,2020-03-25
Henderson,North Carolina,2020-03-22
Haywood,North Carolina,2020-04-03
Harnett,North Carolina,2020-03-14
Halifax,North Carolina,2020-03-29
Guilford,North Carolina,2020-03-18
Greene,North Carolina,2020-03-27
Granville,North Carolina,2020-03-22
Graham,North Carolina,2020-04-28
Gates,North Carolina,2020-04-02
Gaston,North Carolina,2020-03-18
Franklin,North Carolina,2020-03-20
Forsyth,North Carolina,2020-03-12
Edgecombe,North Carolina,2020-03-28
Lenoir,North Carolina,2020-03-25
Macon,North Carolina,2020-04-02
Rockingham,North Carolina,2020-03-31
Madison,North Carolina,2020-04-25
Robeson,North Carolina,2020-03-22
Richmond,North Carolina,2020-04-07
Randolph,North Carolina,2020-03-24
Polk,North Carolina,2020-03-28
Pitt,North Carolina,2020-03-20
Person,North Carolina,2020-03-27
Perquimans,North Carolina,2020-03-28
Pender,North Carolina,2020-04-05
Pasquotank,North Carolina,2020-03-20
Pamlico,North Carolina,2020-03-29
Orange,North Carolina,2020-03-20
Onslow,North Carolina,2020-03-12
Northampton,North Carolina,2020-03-25
New Hanover,North Carolina,2020-03-18
Nash,North Carolina,2020-03-22
Moore,North Carolina,2020-03-18
Montgomery,North Carolina,2020-03-24
Mitchell,North Carolina,2020-04-02
Mecklenburg,North Carolina,2020-03-12
McDowell,North Carolina,2020-03-25
Martin,North Carolina,2020-03-31
Roosevelt,New Mexico,2020-03-27
Rio Arriba,New Mexico,2020-03-25
Quay,New Mexico,2020-04-11
Fillmore,Nebraska,2020-04-22
Dodge,Nebraska,2020-03-25
Dixon,Nebraska,2020-04-20
Deuel,Nebraska,2020-07-14
Dawson,Nebraska,2020-03-22
Dawes,Nebraska,2020-05-09
Dakota,Nebraska,2020-04-12
Custer,Nebraska,2020-04-06
Cuming,Nebraska,2020-04-01
Colfax,Nebraska,2020-04-02
Clay,Nebraska,2020-04-10
Cheyenne,Nebraska,2020-04-06
Cherry,Nebraska,2020-04-04
Chase,Nebraska,2020-05-24
Cedar,Nebraska,2020-04-27
Cass,Nebraska,2020-03-12
Butler,Nebraska,2020-04-17
Burt,Nebraska,2020-04-09
Buffalo,Nebraska,2020-03-20
Boyd,Nebraska,2020-06-01
Box Butte,Nebraska,2020-04-11
Boone,Nebraska,2020-05-04
Douglas,Nebraska,2020-02-17
Franklin,Nebraska,2020-04-10
Antelope,Nebraska,2020-03-30
Frontier,Nebraska,2020-04-29
Lincoln,Nebraska,2020-03-18
Lancaster,Nebraska,2020-03-20
Knox,Nebraska,2020-03-17
Kimball,Nebraska,2020-03-31
Keith,Nebraska,2020-05-02
Kearney,Nebraska,2020-03-26
Johnson,Nebraska,2020-04-05
Jefferson,Nebraska,2020-04-26
Howard,Nebraska,2020-04-16
Hooker,Nebraska,2020-07-01
Holt,Nebraska,2020-05-03
Hitchcock,Nebraska,2020-04-30
Harlan,Nebraska,2020-06-23
Hamilton,Nebraska,2020-04-02
Hall,Nebraska,2020-03-26
Greeley,Nebraska,2020-04-23
Gosper,Nebraska,2020-03-28
Garfield,Nebraska,2020-06-05
Garden,Nebraska,2020-06-01
Gage,Nebraska,2020-04-02
Furnas,Nebraska,2020-04-18
Banner,Nebraska,2020-06-09
Adams,Nebraska,2020-03-18
Otero,New Mexico,2020-04-01
Lewis and Clark,Montana,2020-03-13
Jefferson,Montana,2020-03-24
Hill,Montana,2020-03-25
Granite,Montana,2020-06-25
Golden Valley,Montana,2020-04-11
Glacier,Montana,2020-04-03
Garfield,Montana,2020-07-13
Gallatin,Montana,2020-03-13
Flathead,Montana,2020-03-19
Fergus,Montana,2020-06-18
Fallon,Montana,2020-07-12
Deer Lodge,Montana,2020-03-29
Dawson,Montana,2020-06-20
Custer,Montana,2020-06-12
Cascade,Montana,2020-03-21
Carbon,Montana,2020-04-01
Broadwater,Montana,2020-03-19
Blaine,Montana,2020-07-16
Big Horn,Montana,2020-04-10
Beaverhead,Montana,2020-04-04
Wright,Missouri,2020-03-27
Worth,Missouri,2020-04-06
Lake,Montana,2020-03-27
Liberty,Montana,2020-03-31
Yellowstone,Montana,2020-03-13
Lincoln,Montana,2020-03-26
Wibaux,Montana,2020-07-14
Wheatland,Montana,2020-04-24
Valley,Montana,2020-06-18
Treasure,Montana,2020-06-24
Toole,Montana,2020-03-26
Teton,Montana,2020-07-02
Sweet Grass,Montana,2020-07-15
Stillwater,Montana,2020-04-09
Silver Bow,Montana,2020-03-13
Sheridan,Montana,2020-07-03
Sanders,Montana,2020-07-14
Rosebud,Montana,2020-06-02
Roosevelt,Montana,2020-03-19
Richland,Montana,2020-04-08
Ravalli,Montana,2020-03-21
Pondera,Montana,2020-04-15
Park,Montana,2020-03-27
Musselshell,Montana,2020-03-31
Missoula,Montana,2020-03-14
Meagher,Montana,2020-03-26
Madison,Montana,2020-03-19
Madison,Nebraska,2020-03-23
McPherson,Nebraska,2020-07-10
Merrick,Nebraska,2020-04-03
Salem,New Jersey,2020-03-22
Ocean,New Jersey,2020-03-13
Morris,New Jersey,2020-03-12
Monmouth,New Jersey,2020-03-09
Middlesex,New Jersey,2020-03-11
Mercer,New Jersey,2020-03-14
Hunterdon,New Jersey,2020-03-16
Hudson,New Jersey,2020-03-09
Gloucester,New Jersey,2020-03-17
Essex,New Jersey,2020-03-12
Cumberland,New Jersey,2020-03-20
Cape May,New Jersey,2020-03-19
Camden,New Jersey,2020-03-06
Burlington,New Jersey,2020-03-10
Bergen,New Jersey,2020-03-04
Atlantic,New Jersey,2020-03-18
Sullivan,New Hampshire,2020-03-22
Strafford,New Hampshire,2020-03-21
Rockingham,New Hampshire,2020-03-07
Merrimack,New Hampshire,2020-03-18
Hillsborough,New Hampshire,2020-03-15
Grafton,New Hampshire,2020-03-02
Passaic,New Jersey,2020-03-08
Somerset,New Jersey,2020-03-16
Morrill,Nebraska,2020-04-15
Sussex,New Jersey,2020-03-19
Mora,New Mexico,2020-07-10
McKinley,New Mexico,2020-03-20
Luna,New Mexico,2020-04-10
Los Alamos,New Mexico,2020-04-04
Lincoln,New Mexico,2020-04-04
Lea,New Mexico,2020-03-21
Hidalgo,New Mexico,2020-05-18
Harding,New Mexico,2020-04-23
Guadalupe,New Mexico,2020-04-18
Grant,New Mexico,2020-04-01
Eddy,New Mexico,2020-03-25
Doa Ana,New Mexico,2020-03-20
Curry,New Mexico,2020-03-24
Colfax,New Mexico,2020-04-09
Cibola,New Mexico,2020-03-24
Chaves,New Mexico,2020-03-23
Catron,New Mexico,2020-04-01
Bernalillo,New Mexico,2020-03-11
Warren,New Jersey,2020-03-17
Unknown,New Jersey,2020-03-12
Union,New Jersey,2020-03-09
Coos,New Hampshire,2020-04-03
Cheshire,New Hampshire,2020-03-20
Carroll,New Hampshire,2020-03-16
Belknap,New Hampshire,2020-03-18
Stanton,Nebraska,2020-04-06
Sioux,Nebraska,2020-06-11
Sherman,Nebraska,2020-04-23
Sheridan,Nebraska,2020-06-26
Seward,Nebraska,2020-04-05
Scotts Bluff,Nebraska,2020-03-29
Saunders,Nebraska,2020-03-24
Sarpy,Nebraska,2020-03-17
Saline,Nebraska,2020-04-14
Rock,Nebraska,2020-06-24
Richardson,Nebraska,2020-05-13
Red Willow,Nebraska,2020-04-17
Polk,Nebraska,2020-04-09
Platte,Nebraska,2020-03-28
Pierce,Nebraska,2020-04-11
Phelps,Nebraska,2020-04-05
Pawnee,Nebraska,2020-07-11
Otoe,Nebraska,2020-04-02
Nuckolls,Nebraska,2020-05-16
Nemaha,Nebraska,2020-03-19
Nance,Nebraska,2020-04-16
Thayer,Nebraska,2020-05-29
Thomas,Nebraska,2020-05-06
Thurston,Nebraska,2020-04-25
Humboldt,Nevada,2020-03-28
White Pine,Nevada,2020-04-09
Washoe,Nevada,2020-03-05
Storey,Nevada,2020-05-18
Pershing,Nevada,2020-05-28
Nye,Nevada,2020-03-20
Mineral,Nevada,2020-04-18
Lyon,Nevada,2020-03-25
Lincoln,Nevada,2020-05-08
Lander,Nevada,2020-04-21
Eureka,Nevada,2020-06-26
Valley,Nebraska,2020-04-27
Elko,Nevada,2020-03-19
Douglas,Nevada,2020-03-23
Clark,Nevada,2020-03-05
Churchill,Nevada,2020-04-13
Carson City,Nevada,2020-03-12
York,Nebraska,2020-03-30
Webster,Nebraska,2020-04-10
Wayne,Nebraska,2020-04-11
Washington,Nebraska,2020-03-23
Morton,North Dakota,2020-03-18
Webster,Missouri,2020-03-30
Nelson,North Dakota,2020-04-19
Northumberland,Pennsylvania,2020-03-27
Montour,Pennsylvania,2020-03-21
Montgomery,Pennsylvania,2020-03-07
Monroe,Pennsylvania,2020-03-09
Mifflin,Pennsylvania,2020-03-29
Mercer,Pennsylvania,2020-03-22
McKean,Pennsylvania,2020-03-28
Lycoming,Pennsylvania,2020-03-25
Luzerne,Pennsylvania,2020-03-15
Lehigh,Pennsylvania,2020-03-15
Lebanon,Pennsylvania,2020-03-19
Lawrence,Pennsylvania,2020-03-25
Lancaster,Pennsylvania,2020-03-19
Lackawanna,Pennsylvania,2020-03-18
Juniata,Pennsylvania,2020-03-24
Jefferson,Pennsylvania,2020-04-07
Indiana,Pennsylvania,2020-03-26
Huntingdon,Pennsylvania,2020-03-28
Greene,Pennsylvania,2020-03-25
Fulton,Pennsylvania,2020-04-05
Franklin,Pennsylvania,2020-03-20
Forest,Pennsylvania,2020-04-02
Northampton,Pennsylvania,2020-03-12
Perry,Pennsylvania,2020-03-28
Erie,Pennsylvania,2020-03-20
Philadelphia,Pennsylvania,2020-03-10
Aibonito,Puerto Rico,2020-05-05
Aguas Buenas,Puerto Rico,2020-05-05
Aguadilla,Puerto Rico,2020-05-05
Aguada,Puerto Rico,2020-05-05
Adjuntas,Puerto Rico,2020-05-05
York,Pennsylvania,2020-03-18
Wyoming,Pennsylvania,2020-04-04
Westmoreland,Pennsylvania,2020-03-19
Wayne,Pennsylvania,2020-03-06
Washington,Pennsylvania,2020-03-13
Warren,Pennsylvania,2020-03-25
Venango,Pennsylvania,2020-03-29
Union,Pennsylvania,2020-03-30
Tioga,Pennsylvania,2020-03-28
Susquehanna,Pennsylvania,2020-03-26
Sullivan,Pennsylvania,2020-04-04
Somerset,Pennsylvania,2020-03-24
Snyder,Pennsylvania,2020-03-28
Schuylkill,Pennsylvania,2020-03-22
Potter,Pennsylvania,2020-03-20
Pike,Pennsylvania,2020-03-12
Fayette,Pennsylvania,2020-03-22
Elk,Pennsylvania,2020-04-07
Arroyo,Puerto Rico,2020-05-05
Washington,Oregon,2020-02-28
Wallowa,Oregon,2020-03-31
Union,Oregon,2020-03-20
Umatilla,Oregon,2020-03-11
Tillamook,Oregon,2020-03-26
Sherman,Oregon,2020-04-05
Polk,Oregon,2020-03-11
Multnomah,Oregon,2020-03-10
Morrow,Oregon,2020-03-27
Marion,Oregon,2020-03-08
Malheur,Oregon,2020-03-31
Linn,Oregon,2020-03-11
Lincoln,Oregon,2020-03-25
Lane,Oregon,2020-03-17
Lake,Oregon,2020-05-27
Klamath,Oregon,2020-03-07
Josephine,Oregon,2020-03-21
Jefferson,Oregon,2020-04-14
Jackson,Oregon,2020-03-07
Hood River,Oregon,2020-03-23
Harney,Oregon,2020-04-28
Grant,Oregon,2020-03-20
Wasco,Oregon,2020-03-26
Yamhill,Oregon,2020-03-15
Delaware,Pennsylvania,2020-03-06
Adams,Pennsylvania,2020-03-18
Dauphin,Pennsylvania,2020-03-22
Cumberland,Pennsylvania,2020-03-13
Crawford,Pennsylvania,2020-03-26
Columbia,Pennsylvania,2020-03-22
Clinton,Pennsylvania,2020-04-03
Clearfield,Pennsylvania,2020-03-24
Clarion,Pennsylvania,2020-03-28
Chester,Pennsylvania,2020-03-13
Centre,Pennsylvania,2020-03-20
Carbon,Pennsylvania,2020-03-24
Cameron,Pennsylvania,2020-03-28
Cambria,Pennsylvania,2020-03-23
Butler,Pennsylvania,2020-03-21
Bucks,Pennsylvania,2020-03-11
Bradford,Pennsylvania,2020-03-24
Blair,Pennsylvania,2020-03-26
Berks,Pennsylvania,2020-03-18
Bedford,Pennsylvania,2020-03-31
Beaver,Pennsylvania,2020-03-17
Armstrong,Pennsylvania,2020-03-24
Allegheny,Pennsylvania,2020-03-14
Arecibo,Puerto Rico,2020-05-05
Barceloneta,Puerto Rico,2020-05-05
Douglas,Oregon,2020-03-08
Providence,Rhode Island,2020-03-25
Kent,Rhode Island,2020-03-25
Bristol,Rhode Island,2020-03-25
Yauco,Puerto Rico,2020-05-05
Yabucoa,Puerto Rico,2020-05-05
Villalba,Puerto Rico,2020-05-05
Vieques,Puerto Rico,2020-05-07
Vega Baja,Puerto Rico,2020-05-05
Vega Alta,Puerto Rico,2020-05-05
Utuado,Puerto Rico,2020-05-05
Unknown,Puerto Rico,2020-03-13
Trujillo Alto,Puerto Rico,2020-05-05
Toa Baja,Puerto Rico,2020-05-05
Toa Alta,Puerto Rico,2020-05-05
Santa Isabel,Puerto Rico,2020-05-05
San Sebastian,Puerto Rico,2020-05-05
San Lorenzo,Puerto Rico,2020-05-05
San Juan,Puerto Rico,2020-05-05
San German,Puerto Rico,2020-05-05
Salinas,Puerto Rico,2020-05-05
Sabana Grande,Puerto Rico,2020-05-05
Rio Grande,Puerto Rico,2020-05-05
Newport,Rhode Island,2020-03-25
Unknown,Rhode Island,2020-03-01
Quebradillas,Puerto Rico,2020-05-05
Washington,Rhode Island,2020-03-25
Oliver,North Dakota,2020-03-30
Fairfield,South Carolina,2020-03-16
Edgefield,South Carolina,2020-03-21
Dorchester,South Carolina,2020-03-19
Dillon,South Carolina,2020-03-21
Darlington,South Carolina,2020-03-20
Colleton,South Carolina,2020-03-22
Clarendon,South Carolina,2020-03-20
Chesterfield,South Carolina,2020-03-24
Chester,South Carolina,2020-03-23
Cherokee,South Carolina,2020-04-02
Charleston,South Carolina,2020-03-06
Calhoun,South Carolina,2020-03-17
Berkeley,South Carolina,2020-03-20
Beaufort,South Carolina,2020-03-14
Barnwell,South Carolina,2020-03-30
Bamberg,South Carolina,2020-03-31
Anderson,South Carolina,2020-03-15
Allendale,South Carolina,2020-04-01
Aiken,South Carolina,2020-03-20
Abbeville,South Carolina,2020-03-19
Rincon,Puerto Rico,2020-05-05
Ponce,Puerto Rico,2020-05-05
Barranquitas,Puerto Rico,2020-05-05
Gurabo,Puerto Rico,2020-05-05
Guayanilla,Puerto Rico,2020-05-05
Guayama,Puerto Rico,2020-05-05
Guanica,Puerto Rico,2020-05-05
Florida,Puerto Rico,2020-05-05
Fajardo,Puerto Rico,2020-05-05
Dorado,Puerto Rico,2020-05-05
Culebra,Puerto Rico,2020-05-29
Corozal,Puerto Rico,2020-05-05
Comerio,Puerto Rico,2020-05-05
Coamo,Puerto Rico,2020-05-05
Cidra,Puerto Rico,2020-05-05
Ciales,Puerto Rico,2020-05-05
Ceiba,Puerto Rico,2020-05-05
Cayey,Puerto Rico,2020-05-05
Catano,Puerto Rico,2020-05-05
Carolina,Puerto Rico,2020-05-05
Canovanas,Puerto Rico,2020-05-05
Camuy,Puerto Rico,2020-05-05
Caguas,Puerto Rico,2020-05-05
Cabo Rojo,Puerto Rico,2020-05-05
Bayamon,Puerto Rico,2020-05-05
Guaynabo,Puerto Rico,2020-05-05
Hatillo,Puerto Rico,2020-05-05
Penuelas,Puerto Rico,2020-05-05
Hormigueros,Puerto Rico,2020-05-05
Patillas,Puerto Rico,2020-05-05
Orocovis,Puerto Rico,2020-05-05
Naranjito,Puerto Rico,2020-05-05
Naguabo,Puerto Rico,2020-05-05
Morovis,Puerto Rico,2020-05-05
Moca,Puerto Rico,2020-05-05
Mayaguez,Puerto Rico,2020-05-05
Maunabo,Puerto Rico,2020-05-05
Maricao,Puerto Rico,2020-05-16
Manati,Puerto Rico,2020-05-05
Luquillo,Puerto Rico,2020-05-05
Loiza,Puerto Rico,2020-05-05
Las Piedras,Puerto Rico,2020-05-05
Las Marias,Puerto Rico,2020-05-05
Lares,Puerto Rico,2020-05-05
Lajas,Puerto Rico,2020-05-05
Juncos,Puerto Rico,2020-05-05
Juana Diaz,Puerto Rico,2020-05-05
Jayuya,Puerto Rico,2020-05-05
Isabela,Puerto Rico,2020-05-05
Humacao,Puerto Rico,2020-05-05
Gilliam,Oregon,2020-07-04
Anasco,Puerto Rico,2020-05-05
Deschutes,Oregon,2020-03-11
Marion,Ohio,2020-03-20
Madison,Ohio,2020-03-23
Lucas,Ohio,2020-03-15
Lorain,Ohio,2020-03-14
Logan,Ohio,2020-03-23
Licking,Ohio,2020-03-21
Lawrence,Ohio,2020-03-25
Lake,Ohio,2020-03-17
Knox,Ohio,2020-03-23
Jefferson,Ohio,2020-03-26
Jackson,Ohio,2020-04-08
Huron,Ohio,2020-03-18
Holmes,Ohio,2020-03-30
Hocking,Ohio,2020-04-11
Highland,Ohio,2020-03-24
Henry,Ohio,2020-04-08
Harrison,Ohio,2020-04-15
Hardin,Ohio,2020-04-02
Hancock,Ohio,2020-03-22
Hamilton,Ohio,2020-03-19
Guernsey,Ohio,2020-04-02
Greene,Ohio,2020-03-22
Mahoning,Ohio,2020-03-17
Medina,Ohio,2020-03-15
Fulton,Ohio,2020-03-27
Meigs,Ohio,2020-04-07
Seneca,Ohio,2020-03-25
Scioto,Ohio,2020-04-06
Sandusky,Ohio,2020-03-23
Ross,Ohio,2020-03-30
Richland,Ohio,2020-03-19
Putnam,Ohio,2020-04-06
Preble,Ohio,2020-03-30
Portage,Ohio,2020-03-22
Pike,Ohio,2020-03-28
Pickaway,Ohio,2020-03-25
Perry,Ohio,2020-03-31
Paulding,Ohio,2020-04-06
Ottawa,Ohio,2020-03-28
Noble,Ohio,2020-04-09
Muskingum,Ohio,2020-03-26
Morrow,Ohio,2020-04-01
Morgan,Ohio,2020-04-06
Montgomery,Ohio,2020-03-19
Monroe,Ohio,2020-04-05
Miami,Ohio,2020-03-18
Mercer,Ohio,2020-03-25
Gallia,Ohio,2020-03-22
Franklin,Ohio,2020-03-14
Stark,Ohio,2020-03-11
Tinian,Northern Mariana Islands,2020-07-14
Williams,North Dakota,2020-03-31
Wells,North Dakota,2020-04-22
Ward,North Dakota,2020-03-11
Walsh,North Dakota,2020-03-23
Unknown,North Dakota,2020-04-10
Traill,North Dakota,2020-05-07
Towner,North Dakota,2020-07-07
Stutsman,North Dakota,2020-04-08
Steele,North Dakota,2020-05-17
Stark,North Dakota,2020-03-25
Slope,North Dakota,2020-04-03
Sioux,North Dakota,2020-03-28
Sheridan,North Dakota,2020-06-06
Sargent,North Dakota,2020-04-10
Rolette,North Dakota,2020-04-11
Richland,North Dakota,2020-04-09
Renville,North Dakota,2020-05-01
Ransom,North Dakota,2020-04-26
Ramsey,North Dakota,2020-03-20
Pierce,North Dakota,2020-03-20
Curry,Oregon,2020-04-06
Saipan,Northern Mariana Islands,2020-07-14
Adams,Ohio,2020-04-04
Fayette,Ohio,2020-03-25
Allen,Ohio,2020-03-28
Fairfield,Ohio,2020-03-24
Erie,Ohio,2020-03-21
Delaware,Ohio,2020-03-18
Defiance,Ohio,2020-03-21
Darke,Ohio,2020-03-17
Cuyahoga,Ohio,2020-03-09
Crawford,Ohio,2020-03-24
Coshocton,Ohio,2020-03-17
Columbiana,Ohio,2020-03-20
Clinton,Ohio,2020-03-22
Clermont,Ohio,2020-03-21
Clark,Ohio,2020-03-18
Champaign,Ohio,2020-03-24
Carroll,Ohio,2020-03-22
Butler,Ohio,2020-03-14
Brown,Ohio,2020-03-30
Belmont,Ohio,2020-03-14
Auglaize,Ohio,2020-03-28
Athens,Ohio,2020-03-26
Ashtabula,Ohio,2020-03-20
Ashland,Ohio,2020-03-18
Shelby,Ohio,2020-03-27
Geauga,Ohio,2020-03-16
Summit,Ohio,2020-03-14
Pittsburg,Oklahoma,2020-03-27
Pawnee,Oklahoma,2020-03-17
Ottawa,Oklahoma,2020-03-26
Osage,Oklahoma,2020-03-25
Okmulgee,Oklahoma,2020-03-26
Oklahoma,Oklahoma,2020-03-13
Okfuskee,Oklahoma,2020-04-10
Nowata,Oklahoma,2020-03-28
Noble,Oklahoma,2020-03-22
Muskogee,Oklahoma,2020-03-22
Murray,Oklahoma,2020-04-10
McIntosh,Oklahoma,2020-04-17
McCurtain,Oklahoma,2020-04-03
McClain,Oklahoma,2020-03-19
Mayes,Oklahoma,2020-03-24
Marshall,Oklahoma,2020-04-07
Major,Oklahoma,2020-04-03
Love,Oklahoma,2020-03-30
Logan,Oklahoma,2020-03-19
Lincoln,Oklahoma,2020-03-26
Le Flore,Oklahoma,2020-03-28
Latimer,Oklahoma,2020-03-27
Payne,Oklahoma,2020-03-15
Pontotoc,Oklahoma,2020-03-23
Kingfisher,Oklahoma,2020-04-02
Pottawatomie,Oklahoma,2020-03-25
Pembina,North Dakota,2020-04-25
Coos,Oregon,2020-04-11
Columbia,Oregon,2020-03-27
Clatsop,Oregon,2020-03-24
Clackamas,Oregon,2020-03-12
Benton,Oregon,2020-03-16
Baker,Oregon,2020-05-06
Woodward,Oklahoma,2020-04-02
Woods,Oklahoma,2020-04-17
Washita,Oklahoma,2020-05-14
Washington,Oklahoma,2020-03-19
Wagoner,Oklahoma,2020-03-24
Unknown,Oklahoma,2020-04-01
Tulsa,Oklahoma,2020-03-06
Tillman,Oklahoma,2020-04-04
Texas,Oklahoma,2020-03-29
Stephens,Oklahoma,2020-03-25
Sequoyah,Oklahoma,2020-03-26
Seminole,Oklahoma,2020-03-29
Rogers,Oklahoma,2020-03-29
Pushmataha,Oklahoma,2020-04-27
Kiowa,Oklahoma,2020-04-02
Crook,Oregon,2020-04-03
Kay,Oklahoma,2020-03-15
Choctaw,Oklahoma,2020-03-27
Carter,Oklahoma,2020-03-25
Canadian,Oklahoma,2020-03-16
Caddo,Oklahoma,2020-03-27
Bryan,Oklahoma,2020-03-25
Blaine,Oklahoma,2020-05-04
Beckham,Oklahoma,2020-03-30
Beaver,Oklahoma,2020-04-07
Atoka,Oklahoma,2020-04-02
Alfalfa,Oklahoma,2020-04-13
Adair,Oklahoma,2020-03-25
Wyandot,Ohio,2020-03-26
Wood,Ohio,2020-03-22
Williams,Ohio,2020-04-02
Wayne,Ohio,2020-03-25
Washington,Ohio,2020-03-23
Warren,Ohio,2020-03-20
Vinton,Ohio,2020-04-28
Van Wert,Ohio,2020-03-28
Union,Ohio,2020-03-20
Tuscarawas,Ohio,2020-03-14
Johnston,Oklahoma,2020-04-14
Cherokee,Oklahoma,2020-03-27
Trumbull,Ohio,2020-03-12
Cimarron,Oklahoma,2020-04-21
Garvin,Oklahoma,2020-03-20
Cleveland,Oklahoma,2020-03-15
Jefferson,Oklahoma,2020-04-06
Jackson,Oklahoma,2020-03-14
Hughes,Oklahoma,2020-05-29
Haskell,Oklahoma,2020-04-17
Harper,Oklahoma,2020-04-18
Greer,Oklahoma,2020-04-01
Grant,Oklahoma,2020-04-03
Grady,Oklahoma,2020-03-19
Harmon,Oklahoma,2020-07-01
Garfield,Oklahoma,2020-03-29
Dewey,Oklahoma,2020-04-07
Delaware,Oklahoma,2020-03-25
Coal,Oklahoma,2020-05-19
Custer,Oklahoma,2020-03-19
Creek,Oklahoma,2020-03-25
Craig,Oklahoma,2020-03-26
Cotton,Oklahoma,2020-03-30
Comanche,Oklahoma,2020-03-26
Ellis,Oklahoma,2020-06-21
Unknown,Tennessee,2020-03-19
Unknown,Nebraska,2020-03-30
Unknown,New Hampshire,2020-04-04
Unknown,Northern Mariana Islands,2020-03-28
Roger Mills,Oklahoma,2020-07-10
Lewis,Idaho,2020-07-06
Unknown,Ohio,2020-05-30
Unknown,Idaho,2020-03-26
Unknown,New Mexico,2020-04-03
Unknown,Kansas,2020-04-08
Unknown,Missouri,2020-03-20
Unknown,Mississippi,2020-03-27
Unknown,Arizona,2020-03-24
Unknown,Colorado,2020-03-22
Unknown,Nevada,2020-03-19
Unknown,West Virginia,2020-04-01
Unknown,California,2020-03-22
Unknown,Kentucky,2020-03-19
Unknown,Washington,2020-03-24
Unknown,New York,2020-03-29
Unknown,Wyoming,2020-04-08
Unknown,South Dakota,2020-04-06
Unknown,Indiana,2020-04-01
Unknown,Pennsylvania,2020-03-31
Unknown,Montana,2020-03-31
Unknown,Texas,2020-03-24
